series,series_id,series_status,positie,speler,weken_gespeeld,gespeeld,punten,darts,gemiddelde
Series 1,1,afgerond,1,Lukas Wenig,1,17,45199,1465,92.56
Series 1,1,afgerond,2,Scott Williams,1,12,35155,1141,92.43
Series 1,1,afgerond,3,Matt Dennant,1,8,23274,758,92.11
Series 1,1,afgerond,4,Darryl Pilgrim,1,11,30089,983,91.83
Series 1,1,afgerond,5,Daniel Klose,1,18,46300,1539,90.25
Series 1,1,afgerond,6,Graham Usher,2,46,123906,4121,90.2
Series 1,1,afgerond,7,Reece Colley,1,10,26365,879,89.98
Series 1,1,afgerond,8,Andy Hamilton,1,18,51027,1705,89.78
Series 1,1,afgerond,9,Conan Whitehead,2,39,106805,3580,89.5
Series 1,1,afgerond,10,Colin Osborne,1,11,32632,1095,89.4
Series 1,1,afgerond,11,James Hurrell,1,2,4722,159,89.09
Series 1,1,afgerond,12,Mike Gillet,1,8,21247,716,89.02
Series 1,1,afgerond,13,Josh Payne,2,27,81606,2758,88.77
Series 1,1,afgerond,14,Robert Owen,1,25,69030,2334,88.73
Series 1,1,afgerond,15,Conor Heneghan,1,25,65970,2240,88.35
Series 1,1,afgerond,16,Graham Hall,1,23,63108,2147,88.18
Series 1,1,afgerond,17,Stephen Burton,2,12,32731,1115,88.07
Series 1,1,afgerond,18,Sebastian Bialecki,1,25,70042,2393,87.81
Series 1,1,afgerond,19,Martin Thomas,1,13,32629,1117,87.63
Series 1,1,afgerond,20,David Pallett,1,12,30905,1059,87.55
Series 1,1,afgerond,21,Dan Read,1,27,73658,2525,87.51
Series 1,1,afgerond,22,Nick Kenny,1,8,23965,822,87.46
Series 1,1,afgerond,23,Nathan Girvan,1,23,62599,2150,87.35
Series 1,1,afgerond,24,Diogo Portela,1,2,5236,180,87.27
Series 1,1,afgerond,25,Scott Baker,1,26,67306,2314,87.26
Series 1,1,afgerond,26,Chris Mason,2,39,110707,3809,87.19
Series 1,1,afgerond,27,Danny Lauby,1,18,48918,1688,86.94
Series 1,1,afgerond,28,Ryan Furness,1,12,31292,1083,86.68
Series 1,1,afgerond,29,Richie Howson,1,10,26682,924,86.63
Series 1,1,afgerond,30,Ciaran Teehan,2,12,33157,1149,86.57
Series 1,1,afgerond,31,Rob Collins,1,25,69016,2392,86.56
Series 1,1,afgerond,32,Martin Adams,2,16,40232,1396,86.46
Series 1,1,afgerond,33,Mike Warburton,1,10,27068,940,86.39
Series 1,1,afgerond,34,Paul Hogan,1,3,7313,254,86.37
Series 1,1,afgerond,35,Thibault Tricole,1,28,73341,2548,86.35
Series 1,1,afgerond,36,Robert Thornton,1,12,35451,1232,86.33
Series 1,1,afgerond,37,Mark Dudbridge,1,18,50352,1750,86.32
Series 1,1,afgerond,38,Adam Smith-Neale,1,23,62317,2173,86.03
Series 1,1,afgerond,39,Justin Smith,1,25,68256,2382,85.96
Series 1,1,afgerond,40,Greg Ritchie,1,25,66738,2332,85.86
Series 1,1,afgerond,41,Peter Jacques,2,39,108124,3783,85.74
Series 1,1,afgerond,42,Arron Monk,1,14,41160,1441,85.69
Series 1,1,afgerond,43,Steve Brown,1,25,65688,2305,85.49
Series 1,1,afgerond,44,Chas Barstow,1,25,68607,2409,85.44
Series 1,1,afgerond,45,Alan Norris,1,10,28724,1012,85.15
Series 1,1,afgerond,46,Ryan Murray,1,25,64300,2271,84.94
Series 1,1,afgerond,47,Franz Roetzsch,1,25,64099,2268,84.79
Series 1,1,afgerond,48,James Richardson,1,25,67730,2400,84.66
Series 1,1,afgerond,49,Stefan Bellmont,1,25,70525,2500,84.63
Series 1,1,afgerond,50,Scott Walters,1,10,26739,948,84.62
Series 1,1,afgerond,51,Carl Wilkinson,1,10,29016,1029,84.59
Series 1,1,afgerond,52,Ryan Palmer,1,8,22811,809,84.59
Series 1,1,afgerond,53,Gavin Carlin,2,37,98864,3510,84.5
Series 1,1,afgerond,54,Lisa Ashton,1,18,48566,1730,84.22
Series 1,1,afgerond,55,Kevin Painter,1,25,64114,2285,84.18
Series 1,1,afgerond,56,Johnny Haines,1,8,20384,728,84.0
Series 1,1,afgerond,57,Jamie Kelling,1,25,67611,2419,83.85
Series 1,1,afgerond,58,Moreno Blom,1,28,68701,2466,83.58
Series 1,1,afgerond,59,Davy Proosten,1,25,66328,2381,83.57
Series 1,1,afgerond,60,Alec Small,1,25,70843,2549,83.38
Series 1,1,afgerond,61,Jordan Brooks,1,10,28878,1042,83.14
Series 1,1,afgerond,62,Alan Tabern,1,25,64785,2343,82.95
Series 1,1,afgerond,63,Kurt Parry,1,10,26275,951,82.89
Series 1,1,afgerond,64,Lee Evans,1,27,67519,2450,82.68
Series 1,1,afgerond,65,Gary Robson,1,28,74127,2695,82.52
Series 1,1,afgerond,66,Jarred Cole,1,8,19556,712,82.4
Series 1,1,afgerond,67,Andy Jenkins,1,10,27835,1014,82.35
Series 1,1,afgerond,68,Steve Haggerty,1,10,24540,896,82.17
Series 1,1,afgerond,69,Lee Shewan,1,12,34614,1274,81.51
Series 1,1,afgerond,70,Mark McGeeney,1,25,62987,2322,81.38
Series 1,1,afgerond,71,Dave Prins,1,10,28384,1052,80.94
Series 1,1,afgerond,72,Barrie Bates,1,10,24054,895,80.63
Series 1,1,afgerond,73,Lee Cocks,1,12,34682,1292,80.53
Series 1,1,afgerond,74,Tony O&#039;Shea,1,27,72781,2713,80.48
Series 1,1,afgerond,75,Liam Meek,1,10,26468,996,79.72
Series 1,1,afgerond,76,Wes Newton,1,23,59758,2277,78.73
Series 1,1,afgerond,77,Mark Layton,1,10,26461,1009,78.67
Series 1,1,afgerond,78,John Walton,1,25,58522,2283,76.9
Series 1,1,afgerond,79,Niall Culleton,1,8,21185,832,76.39
Series 1,1,afgerond,80,Paul Nicholson,1,8,22911,918,74.87
Series 1,1,afgerond,81,Janis Mustafejevs,1,10,19296,883,65.56
Series 2,2,afgerond,1,Conan Whitehead,1,10,26242,851,92.51
Series 2,2,afgerond,2,Chas Barstow,1,10,27788,902,92.42
Series 2,2,afgerond,3,Raymond Smith,2,46,120809,3926,92.31
Series 2,2,afgerond,4,Dylan Slevin,1,13,35306,1148,92.26
Series 2,2,afgerond,5,Scott Walters,2,25,71965,2347,91.99
Series 2,2,afgerond,6,Mike Warburton,1,23,61844,2044,90.77
Series 2,2,afgerond,7,Gary Stone,1,28,78007,2580,90.71
Series 2,2,afgerond,8,Andy Hamilton,1,26,68397,2266,90.55
Series 2,2,afgerond,9,Scott Taylor,1,12,33187,1110,89.69
Series 2,2,afgerond,10,James Hurrell,1,26,71950,2415,89.38
Series 2,2,afgerond,11,Martin Adams,3,49,125103,4202,89.32
Series 2,2,afgerond,12,Dan Read,1,23,60452,2038,88.99
Series 2,2,afgerond,13,Andreas Harrysson,1,23,64792,2187,88.88
Series 2,2,afgerond,14,Chris Landman,1,26,68191,2303,88.83
Series 2,2,afgerond,15,Jelle Klaasen,1,26,69895,2361,88.81
Series 2,2,afgerond,16,Robert Owen,1,18,50083,1693,88.75
Series 2,2,afgerond,17,Darryl Pilgrim,1,11,30869,1044,88.7
Series 2,2,afgerond,18,Matt Dennant,1,11,30119,1019,88.67
Series 2,2,afgerond,19,Jarred Cole,2,31,83690,2834,88.59
Series 2,2,afgerond,20,Leonard Gates,1,12,33617,1139,88.54
Series 2,2,afgerond,21,Josh Payne,1,25,66163,2243,88.49
Series 2,2,afgerond,22,Johnny Haines,2,42,115035,3904,88.4
Series 2,2,afgerond,23,Lee Evans,1,10,28222,959,88.29
Series 2,2,afgerond,24,Gian van Veen,1,18,50297,1716,87.93
Series 2,2,afgerond,25,Richard Veenstra,1,25,64237,2192,87.92
Series 2,2,afgerond,26,Jim McEwan,2,44,123873,4233,87.79
Series 2,2,afgerond,27,Fallon Sherrock,2,21,52788,1804,87.78
Series 2,2,afgerond,28,John Henderson,2,52,138601,4740,87.72
Series 2,2,afgerond,29,Conor Heneghan,1,18,52820,1808,87.64
Series 2,2,afgerond,30,Ben Robb,1,26,75754,2593,87.64
Series 2,2,afgerond,31,Thibault Tricole,1,18,48044,1645,87.62
Series 2,2,afgerond,32,Richie Howson,1,17,44995,1541,87.6
Series 2,2,afgerond,33,Stephen Burton,1,8,19054,653,87.54
Series 2,2,afgerond,34,Graham Usher,1,29,79673,2735,87.39
Series 2,2,afgerond,35,Prakash Jiwa,1,8,21486,738,87.34
Series 2,2,afgerond,36,Colin Osborne,2,44,119284,4099,87.3
Series 2,2,afgerond,37,Jamie Kelling,2,20,54809,1884,87.28
Series 2,2,afgerond,38,Arjan Konterman,1,25,64348,2212,87.27
Series 2,2,afgerond,39,Arron Monk,1,29,80375,2767,87.14
Series 2,2,afgerond,40,Lee Cocks,1,8,20067,692,87.0
Series 2,2,afgerond,41,Peter Jacques,1,12,30336,1048,86.84
Series 2,2,afgerond,42,Nathan Girvan,1,25,66137,2285,86.83
Series 2,2,afgerond,43,Jesús Noguera,1,25,66877,2311,86.82
Series 2,2,afgerond,44,Cam Crabtree,1,10,25252,874,86.68
Series 2,2,afgerond,45,Jeroen Mioch,1,23,60766,2105,86.6
Series 2,2,afgerond,46,Gavin Carlin,1,27,73383,2544,86.54
Series 2,2,afgerond,47,David Cameron,1,23,62187,2159,86.41
Series 2,2,afgerond,48,Alec Small,1,14,38671,1343,86.38
Series 2,2,afgerond,49,Shaun Griffiths,1,8,20813,723,86.36
Series 2,2,afgerond,50,Adam Warner,1,19,48141,1677,86.12
Series 2,2,afgerond,51,Reece Colley,2,37,99137,3454,86.11
Series 2,2,afgerond,52,Paul Hogan,2,21,56561,1974,85.96
Series 2,2,afgerond,53,Richie Parkin,1,14,38771,1354,85.9
Series 2,2,afgerond,54,Matt Clark,2,41,120729,4218,85.87
Series 2,2,afgerond,55,Neil Duff,2,53,149090,5215,85.77
Series 2,2,afgerond,56,Richard North,2,35,93397,3269,85.71
Series 2,2,afgerond,57,Robert Thornton,2,38,100224,3515,85.54
Series 2,2,afgerond,58,Nick Kenny,1,11,25952,911,85.46
Series 2,2,afgerond,59,Alexander Merkx,2,37,101003,3546,85.45
Series 2,2,afgerond,60,Adam Mould,2,38,99100,3480,85.43
Series 2,2,afgerond,61,James Richardson,1,12,31870,1120,85.37
Series 2,2,afgerond,62,David Wawrzewski,1,10,25570,899,85.33
Series 2,2,afgerond,63,Lee Budgen,1,17,44488,1567,85.17
Series 2,2,afgerond,64,Niall Culleton,1,27,74548,2629,85.07
Series 2,2,afgerond,65,Sam Cankett,1,12,30539,1080,84.83
Series 2,2,afgerond,66,Graham Hall,1,27,74474,2638,84.69
Series 2,2,afgerond,67,Shane McGuirk,1,25,68734,2436,84.65
Series 2,2,afgerond,68,Carl Wilkinson,1,10,23765,844,84.47
Series 2,2,afgerond,69,Robert Rickwood,1,12,34685,1232,84.46
Series 2,2,afgerond,70,Justin Smith,2,37,99803,3549,84.36
Series 2,2,afgerond,71,Mike Norton,1,8,23300,833,83.91
Series 2,2,afgerond,72,Adam Atkinson,1,27,69826,2501,83.76
Series 2,2,afgerond,73,Colin Monk,1,10,27998,1003,83.74
Series 2,2,afgerond,74,Paul Linwood,1,10,26398,946,83.71
Series 2,2,afgerond,75,Michael Huntley,2,38,104040,3729,83.7
Series 2,2,afgerond,76,Jacques Labre,1,25,67607,2425,83.64
Series 2,2,afgerond,77,Danny Lauby,1,10,26176,940,83.54
Series 2,2,afgerond,78,Kevin Garcia,1,25,68221,2456,83.33
Series 2,2,afgerond,79,Ciaran Teehan,1,25,66129,2382,83.29
Series 2,2,afgerond,80,Danny van Trijp,1,25,60750,2189,83.26
Series 2,2,afgerond,81,Kevin Edwards,1,11,29661,1070,83.16
Series 2,2,afgerond,82,Lisa Ashton,1,27,78924,2848,83.14
Series 2,2,afgerond,83,Mark Graham,2,22,58347,2109,83.0
Series 2,2,afgerond,84,Matt Jackson,1,25,65073,2352,83.0
Series 2,2,afgerond,85,Ryan Palmer,1,8,20495,744,82.64
Series 2,2,afgerond,86,Martyn Turner,2,33,85178,3098,82.48
Series 2,2,afgerond,87,Mike Gillet,1,8,21156,772,82.21
Series 2,2,afgerond,88,Rob Collins,1,8,21137,773,82.03
Series 2,2,afgerond,89,Adam Lipscombe,2,35,92207,3373,82.01
Series 2,2,afgerond,90,Terry Jenkins,1,23,58039,2124,81.98
Series 2,2,afgerond,91,Kai Fan Leung,1,8,19963,731,81.93
Series 2,2,afgerond,92,Ryan Furness,1,8,22679,832,81.78
Series 2,2,afgerond,93,Mark Lawrence,1,13,36634,1344,81.77
Series 2,2,afgerond,94,David Davies,1,25,62940,2312,81.67
Series 2,2,afgerond,95,Martin Thomas,1,10,28090,1032,81.66
Series 2,2,afgerond,96,Kevin Painter,2,29,77674,2858,81.53
Series 2,2,afgerond,97,Lee Shewan,1,10,26809,989,81.32
Series 2,2,afgerond,98,Josh Richardson,1,10,24736,913,81.28
Series 2,2,afgerond,99,Darren Johnson,2,37,95092,3517,81.11
Series 2,2,afgerond,100,Darryl Fitton,1,10,26884,995,81.06
Series 2,2,afgerond,101,Tony Wood,1,10,25107,930,80.99
Series 2,2,afgerond,102,Ian Moss,1,12,32854,1218,80.92
Series 2,2,afgerond,103,Dave Prins,1,23,64188,2385,80.74
Series 2,2,afgerond,104,Andy Jenkins,2,33,86916,3231,80.7
Series 2,2,afgerond,105,Kevin Dowling,1,13,34270,1276,80.57
Series 2,2,afgerond,106,Mark McGeeney,1,27,69732,2598,80.52
Series 2,2,afgerond,107,Gary Stafford,1,10,26373,985,80.32
Series 2,2,afgerond,108,Pete Burgoyne,1,8,19178,719,80.02
Series 2,2,afgerond,109,Jeffrey Bekema,1,10,26541,996,79.94
Series 2,2,afgerond,110,Keelan Kay,1,25,66478,2504,79.65
Series 2,2,afgerond,111,Danny Smith,2,33,75761,2858,79.53
Series 2,2,afgerond,112,Diogo Portela,1,10,25525,964,79.43
Series 2,2,afgerond,113,Josh McCarthy,1,10,25565,970,79.07
Series 2,2,afgerond,114,A. Toft-Jørgensen,1,25,65992,2504,79.06
Series 2,2,afgerond,115,Luke Getty,1,25,64436,2449,78.93
Series 2,2,afgerond,116,Tony Newell,1,25,64126,2441,78.81
Series 2,2,afgerond,117,Mike Symes,1,25,60843,2324,78.54
Series 2,2,afgerond,118,Gary Blades,1,10,24503,938,78.37
Series 2,2,afgerond,119,Alan Norris,1,10,28137,1081,78.09
Series 2,2,afgerond,120,Jack Vincent,1,25,64192,2469,78.0
Series 2,2,afgerond,121,Willem Mandigers,1,25,58776,2262,77.95
Series 2,2,afgerond,122,Tony O&#039;Shea,1,25,64472,2500,77.37
Series 2,2,afgerond,123,Richard Stride,1,8,21174,824,77.09
Series 2,2,afgerond,124,Trina Gulliver,1,8,20509,810,75.96
Series 2,2,afgerond,125,Vince Tipple,1,10,26591,1061,75.19
Series 2,2,afgerond,126,Barrie Bates,1,25,61684,2499,74.05
Series 2,2,afgerond,127,Steve Perren,1,10,23551,1011,69.88
Series 2,2,afgerond,128,Peter Manley,1,25,52381,2272,69.17
Series 3,3,afgerond,1,Andy Boulton,1,27,72886,2334,93.68
Series 3,3,afgerond,2,Luke Littler,2,38,101551,3258,93.51
Series 3,3,afgerond,3,Berry van Peer,1,18,47322,1546,91.83
Series 3,3,afgerond,4,Rob Collins,1,10,26318,863,91.49
Series 3,3,afgerond,5,Darryl Pilgrim,2,29,75829,2509,90.67
Series 3,3,afgerond,6,Mike Warburton,2,52,139276,4625,90.34
Series 3,3,afgerond,7,Jacob Taylor,2,41,112972,3752,90.33
Series 3,3,afgerond,8,Gary Stone,1,18,49549,1658,89.65
Series 3,3,afgerond,9,Jelle Klaasen,2,44,121020,4052,89.6
Series 3,3,afgerond,10,Justin Hood,2,37,95597,3206,89.45
Series 3,3,afgerond,11,Jon Worsley,2,29,82684,2777,89.32
Series 3,3,afgerond,12,Danny Lauby,1,28,75918,2550,89.32
Series 3,3,afgerond,13,Lukas Wenig,1,27,73386,2466,89.28
Series 3,3,afgerond,14,Chris Gilliland,1,27,71904,2418,89.21
Series 3,3,afgerond,15,Leonard Gates,2,30,84139,2845,88.72
Series 3,3,afgerond,16,Harry Ward,1,23,63508,2149,88.66
Series 3,3,afgerond,17,Scott Baker,1,10,26810,910,88.38
Series 3,3,afgerond,18,Scott Taylor,2,40,104116,3543,88.16
Series 3,3,afgerond,19,Cam Crabtree,1,27,73201,2492,88.12
Series 3,3,afgerond,20,Owen Bates,2,40,109530,3731,88.07
Series 3,3,afgerond,21,Alex Spellman,1,25,68573,2336,88.06
Series 3,3,afgerond,22,Ryan Murray,1,10,26783,914,87.91
Series 3,3,afgerond,23,Dom Taylor,1,25,71905,2455,87.87
Series 3,3,afgerond,24,Dan Read,1,23,59925,2046,87.87
Series 3,3,afgerond,25,Colin Osborne,2,37,98308,3360,87.78
Series 3,3,afgerond,26,Richie Howson,1,26,67874,2320,87.77
Series 3,3,afgerond,27,Scott Mitchell,1,8,21971,751,87.77
Series 3,3,afgerond,28,Jim McEwan,1,26,70592,2413,87.76
Series 3,3,afgerond,29,Steve West,2,37,104204,3563,87.74
Series 3,3,afgerond,30,Sebastian Bialecki,1,25,67722,2317,87.68
Series 3,3,afgerond,31,Conor Heneghan,1,27,73502,2519,87.54
Series 3,3,afgerond,32,Andy Hamilton,1,27,70423,2414,87.52
Series 3,3,afgerond,33,John Henderson,1,19,51316,1761,87.42
Series 3,3,afgerond,34,Jason Askew,1,10,26337,904,87.4
Series 3,3,afgerond,35,Jordan Brooks,1,13,33259,1142,87.37
Series 3,3,afgerond,36,Reece Colley,1,11,31679,1088,87.35
Series 3,3,afgerond,37,James Richardson,1,12,32625,1122,87.23
Series 3,3,afgerond,38,Chris Landman,1,18,49866,1715,87.23
Series 3,3,afgerond,39,Andreas Harrysson,1,25,68927,2371,87.21
Series 3,3,afgerond,40,Chas Barstow,2,23,57140,1978,86.66
Series 3,3,afgerond,41,Alexander Merkx,1,28,71455,2475,86.61
Series 3,3,afgerond,42,Matt Dennant,1,18,50099,1736,86.58
Series 3,3,afgerond,43,Lee Cocks,1,23,60186,2086,86.56
Series 3,3,afgerond,44,Matt Clark,2,39,107497,3727,86.53
Series 3,3,afgerond,45,Alan Norris,1,11,29014,1006,86.52
Series 3,3,afgerond,46,Fallon Sherrock,1,12,37458,1301,86.38
Series 3,3,afgerond,47,Shaun McDonald,1,11,29063,1011,86.24
Series 3,3,afgerond,48,Chris Quantock,1,25,66435,2311,86.24
Series 3,3,afgerond,49,Adam Hunt,2,29,79004,2751,86.15
Series 3,3,afgerond,50,Robert Thornton,1,19,51390,1792,86.03
Series 3,3,afgerond,51,Richard North,1,12,28763,1003,86.03
Series 3,3,afgerond,52,Ryan Furness,1,11,28858,1007,85.97
Series 3,3,afgerond,53,Matthew Edgar,1,11,28351,990,85.91
Series 3,3,afgerond,54,Josh Richardson,1,10,25730,901,85.67
Series 3,3,afgerond,55,James Hurrell,1,25,68008,2386,85.51
Series 3,3,afgerond,56,Nathan Girvan,1,26,67302,2363,85.44
Series 3,3,afgerond,57,Arjan Konterman,1,23,52771,1853,85.44
Series 3,3,afgerond,58,Brett Claydon,1,10,28493,1001,85.39
Series 3,3,afgerond,59,Johnny Haines,1,10,26026,916,85.24
Series 3,3,afgerond,60,Ryan De Vreede,1,25,65620,2311,85.18
Series 3,3,afgerond,61,Neil Duff,2,38,100902,3554,85.17
Series 3,3,afgerond,62,Paul Hogan,1,8,21003,740,85.15
Series 3,3,afgerond,63,Conan Whitehead,1,28,73110,2576,85.14
Series 3,3,afgerond,64,Shane McGuirk,1,28,74034,2610,85.1
Series 3,3,afgerond,65,Adam Mould,1,8,20930,738,85.08
Series 3,3,afgerond,66,Martyn Turner,1,8,21208,748,85.06
Series 3,3,afgerond,67,Steve Brown,1,25,63533,2244,84.94
Series 3,3,afgerond,68,Willie Borland,1,23,63935,2258,84.94
Series 3,3,afgerond,69,Reece Robinson,1,12,33873,1198,84.82
Series 3,3,afgerond,70,Darryl Fitton,1,10,26642,944,84.67
Series 3,3,afgerond,71,Jarred Cole,1,23,65744,2331,84.61
Series 3,3,afgerond,72,Jack Main,1,29,78733,2793,84.57
Series 3,3,afgerond,73,Mike Gillet,2,20,54157,1925,84.4
Series 3,3,afgerond,74,Martin Thomas,1,12,30060,1069,84.36
Series 3,3,afgerond,75,Mike Norton,1,12,28954,1030,84.33
Series 3,3,afgerond,76,David Wawrzewski,1,12,31865,1135,84.22
Series 3,3,afgerond,77,Moreno Blom,1,25,66954,2387,84.15
Series 3,3,afgerond,78,Scott Walters,1,10,27538,982,84.13
Series 3,3,afgerond,79,David Evans,1,25,66482,2371,84.12
Series 3,3,afgerond,80,Alec Small,1,25,66791,2383,84.08
Series 3,3,afgerond,81,Lee Shewan,1,25,69283,2473,84.05
Series 3,3,afgerond,82,Josh McCarthy,1,10,26796,957,84.0
Series 3,3,afgerond,83,Sam Cankett,1,25,64560,2308,83.92
Series 3,3,afgerond,84,Jamie Kelling,1,8,19310,691,83.84
Series 3,3,afgerond,85,John Brown,1,12,28214,1011,83.72
Series 3,3,afgerond,86,John Michael,1,25,69630,2497,83.66
Series 3,3,afgerond,87,Diogo Portela,1,8,21270,763,83.63
Series 3,3,afgerond,88,Tony Wood,1,28,70362,2525,83.6
Series 3,3,afgerond,89,Prakash Jiwa,1,8,18057,649,83.47
Series 3,3,afgerond,90,Carl Wilkinson,1,10,25277,910,83.33
Series 3,3,afgerond,91,Kenny Neyens,1,25,62252,2244,83.22
Series 3,3,afgerond,92,Lisa Ashton,1,23,60440,2179,83.21
Series 3,3,afgerond,93,David Davies,1,8,21888,790,83.12
Series 3,3,afgerond,94,Shaun Griffiths,1,10,24734,893,83.09
Series 3,3,afgerond,95,Darren Johnson,1,10,26272,949,83.05
Series 3,3,afgerond,96,Michael Huntley,1,10,26809,969,83.0
Series 3,3,afgerond,97,Stu Wilson,1,12,31382,1136,82.88
Series 3,3,afgerond,98,Chris Wickenden,1,10,28005,1015,82.77
Series 3,3,afgerond,99,Larry Butler,1,25,65767,2385,82.73
Series 3,3,afgerond,100,Ciaran Teehan,1,25,64135,2328,82.65
Series 3,3,afgerond,101,Lee Budgen,1,10,30573,1110,82.63
Series 3,3,afgerond,102,Adam Lipscombe,1,8,23245,845,82.53
Series 3,3,afgerond,103,Martin Adams,1,25,64561,2352,82.35
Series 3,3,afgerond,104,Justin Smith,1,12,32164,1172,82.33
Series 3,3,afgerond,105,Ryan Palmer,1,8,22515,821,82.27
Series 3,3,afgerond,106,Vitezslav Sedlak,1,25,64582,2357,82.2
Series 3,3,afgerond,107,Martin Grearson,1,10,26734,976,82.17
Series 3,3,afgerond,108,Mark Graham,1,10,28023,1025,82.02
Series 3,3,afgerond,109,Keelan Kay,1,8,23235,851,81.91
Series 3,3,afgerond,110,Alan Tabern,1,11,28951,1061,81.86
Series 3,3,afgerond,111,Steve Haggerty,1,10,25635,940,81.81
Series 3,3,afgerond,112,Ryan Harrington,1,25,60328,2219,81.56
Series 3,3,afgerond,113,Carl Hamilton,1,12,31727,1169,81.42
Series 3,3,afgerond,114,Mark Dudbridge,1,10,25600,944,81.36
Series 3,3,afgerond,115,Gary Hayes,1,25,63852,2357,81.27
Series 3,3,afgerond,116,Jack Vincent,1,25,62851,2322,81.2
Series 3,3,afgerond,117,Andy Jenkins,1,10,24922,921,81.18
Series 3,3,afgerond,118,Steven Johnstone,1,25,66269,2451,81.11
Series 3,3,afgerond,119,Gary Blades,1,8,20921,780,80.47
Series 3,3,afgerond,120,Jamie Durrant,1,25,61009,2278,80.35
Series 3,3,afgerond,121,Luke Getty,1,10,25438,950,80.33
Series 3,3,afgerond,122,Franz Roetzsch,1,25,61745,2306,80.33
Series 3,3,afgerond,123,Callum Francis,1,10,27273,1019,80.29
Series 3,3,afgerond,124,Richie Parkin,1,8,18354,686,80.27
Series 3,3,afgerond,125,Kevin Painter,1,27,65287,2442,80.21
Series 3,3,afgerond,126,Robert Rickwood,1,25,57966,2179,79.81
Series 3,3,afgerond,127,Pete Burgoyne,1,10,26474,998,79.58
Series 3,3,afgerond,128,Danny Smith,1,10,27705,1057,78.63
Series 3,3,afgerond,129,Kai Fan Leung,1,10,27276,1041,78.61
Series 3,3,afgerond,130,John Nelson,1,25,64129,2465,78.05
Series 3,3,afgerond,131,Aaron Beeney,1,8,21372,822,78.0
Series 3,3,afgerond,132,Gary Stafford,1,25,64261,2495,77.27
Series 3,3,afgerond,133,Kevin Dowling,1,10,25367,989,76.95
Series 3,3,afgerond,134,John Part,1,25,61092,2386,76.81
Series 3,3,afgerond,135,Benito van de Pas,1,25,61057,2393,76.54
Series 3,3,afgerond,136,Jack Hill,1,8,16712,656,76.43
Series 3,3,afgerond,137,Trina Gulliver,1,8,16977,684,74.46
Series 3,3,afgerond,138,Jack Wareing,1,25,51685,2105,73.66
Series 3,3,afgerond,139,Tony O&#039;Shea,1,10,22246,952,70.1
Series 4,4,afgerond,1,Andy Baetens,1,19,53261,1686,94.77
Series 4,4,afgerond,2,Luke Littler,2,54,150129,4814,93.56
Series 4,4,afgerond,3,James Hurrell,1,13,36050,1171,92.36
Series 4,4,afgerond,4,Scott Baker,1,12,31669,1033,91.97
Series 4,4,afgerond,5,Jim Long,1,18,49539,1620,91.74
Series 4,4,afgerond,6,Steve West,2,38,104961,3439,91.56
Series 4,4,afgerond,7,Matt Clark,1,10,25493,837,91.37
Series 4,4,afgerond,8,Reece Robinson,2,39,105540,3481,90.96
Series 4,4,afgerond,9,Matt Dennant,1,11,29559,977,90.76
Series 4,4,afgerond,10,Christian Kist,1,19,49016,1623,90.6
Series 4,4,afgerond,11,Gary Stone,1,8,23405,779,90.13
Series 4,4,afgerond,12,Dom Taylor,1,13,35259,1176,89.95
Series 4,4,afgerond,13,Chris Gilliland,1,26,71963,2404,89.8
Series 4,4,afgerond,14,Owen Bates,1,8,20861,697,89.79
Series 4,4,afgerond,15,Johnny Haines,1,10,26574,888,89.78
Series 4,4,afgerond,16,Andy Boulton,2,44,121079,4056,89.56
Series 4,4,afgerond,17,Scott Walters,1,13,35874,1203,89.46
Series 4,4,afgerond,18,Lukas Wenig,1,10,28512,961,89.01
Series 4,4,afgerond,19,Darryl Pilgrim,1,11,28950,978,88.8
Series 4,4,afgerond,20,Sebastian Bialecki,1,27,75210,2543,88.73
Series 4,4,afgerond,21,Scott Mitchell,1,13,33955,1149,88.66
Series 4,4,afgerond,22,Chas Barstow,1,12,31886,1079,88.65
Series 4,4,afgerond,23,Alexander Merkx,1,10,24932,844,88.62
Series 4,4,afgerond,24,Alan Tabern,1,10,28520,966,88.57
Series 4,4,afgerond,25,John Henderson,1,18,45893,1556,88.48
Series 4,4,afgerond,26,Jordan Brooks,1,10,25741,877,88.05
Series 4,4,afgerond,27,Mark McGeeney,1,8,19921,679,88.02
Series 4,4,afgerond,28,Wesley Plaisier,1,26,66057,2256,87.84
Series 4,4,afgerond,29,Jeroen Mioch,2,36,93724,3205,87.73
Series 4,4,afgerond,30,Chris Landman,1,19,47771,1634,87.71
Series 4,4,afgerond,31,Berry van Peer,2,55,152211,5211,87.63
Series 4,4,afgerond,32,Mike Gillet,1,8,21189,727,87.44
Series 4,4,afgerond,33,Adam Mould,1,10,25496,875,87.41
Series 4,4,afgerond,34,Ryan Furness,1,11,31211,1073,87.26
Series 4,4,afgerond,35,Mike Warburton,1,17,46650,1604,87.25
Series 4,4,afgerond,36,Leonard Gates,1,25,69930,2406,87.19
Series 4,4,afgerond,37,Conor Heneghan,1,27,71628,2467,87.1
Series 4,4,afgerond,38,Tommy Lishman,1,25,68148,2354,86.85
Series 4,4,afgerond,39,Jeremy Fagg,2,33,88078,3043,86.83
Series 4,4,afgerond,40,Robert Thornton,2,36,91965,3179,86.79
Series 4,4,afgerond,41,Tommy Morris,2,23,57993,2006,86.73
Series 4,4,afgerond,42,Harry Ward,1,13,32819,1136,86.67
Series 4,4,afgerond,43,Fallon Sherrock,2,36,94452,3272,86.6
Series 4,4,afgerond,44,Rob Grundy,1,12,33427,1160,86.45
Series 4,4,afgerond,45,Shane McGuirk,1,14,35718,1240,86.41
Series 4,4,afgerond,46,Cam Crabtree,1,13,33455,1162,86.37
Series 4,4,afgerond,47,Ron Meulenkamp,1,25,66438,2309,86.32
Series 4,4,afgerond,48,Justin Hood,1,12,32062,1117,86.11
Series 4,4,afgerond,49,Scott Taylor,1,12,31998,1115,86.09
Series 4,4,afgerond,50,Brett Claydon,1,11,30915,1078,86.03
Series 4,4,afgerond,51,Mal Cuming,2,35,95441,3329,86.01
Series 4,4,afgerond,52,Dan Read,2,37,94419,3295,85.97
Series 4,4,afgerond,53,James Richardson,1,27,70988,2479,85.91
Series 4,4,afgerond,54,Geert De Vos,1,25,64875,2266,85.89
Series 4,4,afgerond,55,Willie Borland,1,10,25869,904,85.85
Series 4,4,afgerond,56,David Evans,1,13,36815,1287,85.82
Series 4,4,afgerond,57,Conan Whitehead,1,13,31342,1096,85.79
Series 4,4,afgerond,58,Pete Burgoyne,1,8,19408,679,85.75
Series 4,4,afgerond,59,Neil Duff,2,27,70548,2469,85.72
Series 4,4,afgerond,60,Danny Lauby,2,37,98593,3452,85.68
Series 4,4,afgerond,61,Patrick Maat,1,23,62070,2175,85.61
Series 4,4,afgerond,62,Joey Ten Berge,1,25,68912,2420,85.43
Series 4,4,afgerond,63,Patrick Van Den Boogaard,2,37,100403,3527,85.4
Series 4,4,afgerond,64,Lee Cocks,2,33,88171,3102,85.27
Series 4,4,afgerond,65,Stefan Bellmont,1,25,64455,2269,85.22
Series 4,4,afgerond,66,David Davies,1,25,66407,2340,85.14
Series 4,4,afgerond,67,Kevin Blomme,1,23,58179,2054,84.97
Series 4,4,afgerond,68,Paul Hogan,1,8,19764,699,84.82
Series 4,4,afgerond,69,Thomas Junghans,1,25,64935,2297,84.81
Series 4,4,afgerond,70,Ryan Palmer,1,10,28414,1006,84.73
Series 4,4,afgerond,71,Wesley Harms,1,27,70212,2487,84.69
Series 4,4,afgerond,72,Josh Richardson,1,10,24922,883,84.67
Series 4,4,afgerond,73,Colin Osborne,2,24,64061,2270,84.66
Series 4,4,afgerond,74,Jelle Klaasen,2,39,103738,3676,84.66
Series 4,4,afgerond,75,Jarred Cole,1,29,77964,2763,84.65
Series 4,4,afgerond,76,Shaun McDonald,1,8,21862,775,84.63
Series 4,4,afgerond,77,Jon Worsley,1,28,70023,2484,84.57
Series 4,4,afgerond,78,Lisa Ashton,1,25,67587,2398,84.55
Series 4,4,afgerond,79,Jack Main,1,10,28344,1006,84.52
Series 4,4,afgerond,80,Robert Rickwood,1,10,26542,943,84.44
Series 4,4,afgerond,81,David Cameron,1,8,22023,783,84.38
Series 4,4,afgerond,82,Chris Wickenden,1,10,28320,1007,84.37
Series 4,4,afgerond,83,Martijn Dragt,1,26,72398,2575,84.35
Series 4,4,afgerond,84,Moreno Blom,1,17,44686,1590,84.31
Series 4,4,afgerond,85,Andy Hamilton,1,10,28068,999,84.29
Series 4,4,afgerond,86,Reece Colley,1,10,23924,853,84.14
Series 4,4,afgerond,87,Jamie Kelling,1,12,33832,1211,83.81
Series 4,4,afgerond,88,Robbie King,2,35,94839,3397,83.76
Series 4,4,afgerond,89,Keelan Kay,1,8,19095,684,83.75
Series 4,4,afgerond,90,Thibault Tricole,1,25,69217,2484,83.6
Series 4,4,afgerond,91,Daniel Lee,1,25,65839,2367,83.45
Series 4,4,afgerond,92,Alec Small,1,13,33562,1207,83.42
Series 4,4,afgerond,93,Rene Eidams,2,29,75700,2725,83.34
Series 4,4,afgerond,94,Peter Hudson,1,27,73326,2642,83.26
Series 4,4,afgerond,95,Richard North,1,10,26895,972,83.01
Series 4,4,afgerond,96,Sam Cankett,1,8,19719,713,82.97
Series 4,4,afgerond,97,John Brown,1,25,64774,2342,82.97
Series 4,4,afgerond,98,Andy Jenkins,3,36,99488,3609,82.7
Series 4,4,afgerond,99,Alan Norris,1,10,25405,924,82.48
Series 4,4,afgerond,100,Bradly Roes,1,29,77485,2822,82.37
Series 4,4,afgerond,101,Adam Lipscombe,1,8,21457,782,82.32
Series 4,4,afgerond,102,Ciaran Teehan,1,8,20485,747,82.27
Series 4,4,afgerond,103,Philip van Gasse,1,25,64221,2344,82.19
Series 4,4,afgerond,104,Adam Hunt,1,25,64535,2356,82.18
Series 4,4,afgerond,105,Rob Collins,1,11,29278,1069,82.16
Series 4,4,afgerond,106,Michel van der Horst,1,25,69895,2553,82.13
Series 4,4,afgerond,107,Ryan Harrington,1,13,33170,1212,82.1
Series 4,4,afgerond,108,Niall Culleton,1,23,62428,2282,82.07
Series 4,4,afgerond,109,Lee Shewan,1,4,10685,391,81.98
Series 4,4,afgerond,110,Steve Brown,1,27,71070,2603,81.91
Series 4,4,afgerond,111,Martyn Turner,1,8,21722,796,81.87
Series 4,4,afgerond,112,Martin Adams,1,23,59633,2189,81.73
Series 4,4,afgerond,113,Lee Budgen,1,8,20638,758,81.68
Series 4,4,afgerond,114,Mark Barilli,1,25,61126,2246,81.65
Series 4,4,afgerond,115,Charlie Large,2,20,51401,1889,81.63
Series 4,4,afgerond,116,Stuart White,1,25,68512,2527,81.34
Series 4,4,afgerond,117,Lewis Gurney,1,27,72291,2670,81.23
Series 4,4,afgerond,118,Danny Smith,1,4,11533,426,81.22
Series 4,4,afgerond,119,Darren Johnson,1,10,25090,931,80.85
Series 4,4,afgerond,120,John Desreumaux,1,25,59647,2214,80.82
Series 4,4,afgerond,121,Davie Kirwan,1,23,58166,2160,80.79
Series 4,4,afgerond,122,Kevin Painter,1,25,60478,2250,80.64
Series 4,4,afgerond,123,Stu Wilson,1,10,27369,1023,80.26
Series 4,4,afgerond,124,Youri Brouwer,1,25,62717,2347,80.17
Series 4,4,afgerond,125,Michael Huntley,1,25,61973,2326,79.93
Series 4,4,afgerond,126,Gino Vos,1,25,61418,2313,79.66
Series 4,4,afgerond,127,Johan Van Velzen,1,25,65204,2460,79.52
Series 4,4,afgerond,128,Jim Mayer,1,25,60587,2302,78.96
Series 4,4,afgerond,129,Prakash Jiwa,1,5,12116,463,78.51
Series 4,4,afgerond,130,Sven Verdonck,1,20,48790,1867,78.4
Series 4,4,afgerond,131,Adam Atkinson,2,35,79908,3130,76.59
Series 4,4,afgerond,132,Robin Beger,1,25,60176,2371,76.14
Series 4,4,afgerond,133,Marvin van Velzen,1,25,64756,2626,73.98
Series 4,4,afgerond,134,Tom Becker,1,25,56771,2309,73.76
Series 4,4,afgerond,135,Trina Gulliver,1,10,22924,940,73.16
Series 5,5,afgerond,1,Luke Littler,1,18,45734,1439,95.35
Series 5,5,afgerond,2,Darryl Pilgrim,2,29,77711,2479,94.04
Series 5,5,afgerond,3,Shaun McDonald,1,10,28861,941,92.01
Series 5,5,afgerond,4,Alex Spellman,1,18,50448,1655,91.45
Series 5,5,afgerond,5,John Henderson,1,18,48337,1586,91.43
Series 5,5,afgerond,6,Dom Taylor,1,14,37409,1234,90.95
Series 5,5,afgerond,7,Jon Worsley,1,12,30395,1005,90.73
Series 5,5,afgerond,8,Scott Taylor,2,39,104534,3474,90.27
Series 5,5,afgerond,9,Andreas Harrysson,2,37,98802,3304,89.71
Series 5,5,afgerond,10,Steve West,3,63,163040,5458,89.62
Series 5,5,afgerond,11,Jim McEwan,2,26,69224,2320,89.51
Series 5,5,afgerond,12,Matt Dennant,3,45,115383,3868,89.49
Series 5,5,afgerond,13,Reece Robinson,1,18,44981,1512,89.25
Series 5,5,afgerond,14,Owen Bates,1,11,28194,948,89.22
Series 5,5,afgerond,15,Conan Whitehead,2,42,118619,3989,89.21
Series 5,5,afgerond,16,Rob Grundy,2,39,104250,3522,88.8
Series 5,5,afgerond,17,Haruki Muramatsu,1,25,68154,2307,88.63
Series 5,5,afgerond,18,Neil Duff,1,26,69962,2370,88.56
Series 5,5,afgerond,19,Adam Hunt,1,26,68010,2304,88.55
Series 5,5,afgerond,20,Arjan Konterman,1,25,63133,2141,88.46
Series 5,5,afgerond,21,Tom Sykes,1,10,25539,867,88.37
Series 5,5,afgerond,22,Robert Thornton,2,38,103245,3507,88.32
Series 5,5,afgerond,23,Sam Cankett,1,8,19630,668,88.16
Series 5,5,afgerond,24,Andy Boulton,1,27,73665,2514,87.91
Series 5,5,afgerond,25,Colin Osborne,1,25,66943,2286,87.85
Series 5,5,afgerond,26,Justin Hood,1,13,35691,1219,87.84
Series 5,5,afgerond,27,Mike Warburton,1,25,66685,2282,87.67
Series 5,5,afgerond,28,Mareno Michels,2,39,103405,3547,87.46
Series 5,5,afgerond,29,Scott Marsh,1,10,27123,931,87.4
Series 5,5,afgerond,30,Mark Dudbridge,1,10,29743,1022,87.31
Series 5,5,afgerond,31,Paul Hogan,1,12,30339,1044,87.18
Series 5,5,afgerond,32,Tommy Lishman,1,8,22210,765,87.1
Series 5,5,afgerond,33,Justin Smith,1,28,71598,2467,87.07
Series 5,5,afgerond,34,Jarno Bottenberg,1,25,67682,2333,87.03
Series 5,5,afgerond,35,Berry van Peer,1,18,45922,1585,86.92
Series 5,5,afgerond,36,Cam Crabtree,1,10,26451,913,86.91
Series 5,5,afgerond,37,James Hurrell,1,23,63191,2182,86.88
Series 5,5,afgerond,38,Scott Walters,1,10,27566,952,86.87
Series 5,5,afgerond,39,Shane McGuirk,1,13,34652,1198,86.77
Series 5,5,afgerond,40,Dennie Olde Kalter,1,26,69218,2395,86.7
Series 5,5,afgerond,41,Jim Long,1,19,52598,1820,86.7
Series 5,5,afgerond,42,Willie Borland,1,12,31624,1095,86.64
Series 5,5,afgerond,43,Rhys Griffin,1,25,65346,2263,86.63
Series 5,5,afgerond,44,Sebastian Bialecki,2,57,147245,5111,86.43
Series 5,5,afgerond,45,Matt Clark,2,29,77633,2695,86.42
Series 5,5,afgerond,46,Scott Baker,1,13,35154,1222,86.3
Series 5,5,afgerond,47,Thibault Tricole,1,23,60631,2110,86.21
Series 5,5,afgerond,48,Jelle Klaasen,1,10,22800,794,86.15
Series 5,5,afgerond,49,Tom Lonsdale,1,26,70796,2467,86.09
Series 5,5,afgerond,50,Rob Collins,1,10,26081,910,85.98
Series 5,5,afgerond,51,Chris Quantock,2,20,52526,1835,85.87
Series 5,5,afgerond,52,Anton Ostlund,2,39,108739,3801,85.82
Series 5,5,afgerond,53,Alec Small,1,13,38730,1354,85.81
Series 5,5,afgerond,54,Dan Read,2,19,49039,1715,85.78
Series 5,5,afgerond,55,Johnny Haines,1,25,66877,2340,85.74
Series 5,5,afgerond,56,Alexander Merkx,1,25,65592,2295,85.74
Series 5,5,afgerond,57,Scott Campbell,1,13,34850,1220,85.7
Series 5,5,afgerond,58,Chas Barstow,1,10,26249,921,85.5
Series 5,5,afgerond,59,Stu Wilson,1,8,19453,683,85.45
Series 5,5,afgerond,60,Jamie Kelling,1,13,36591,1285,85.43
Series 5,5,afgerond,61,Wayne Jones,1,27,71496,2515,85.28
Series 5,5,afgerond,62,Benjamin Drue Reus,1,25,68732,2419,85.24
Series 5,5,afgerond,63,Wesley Harms,1,23,61781,2175,85.22
Series 5,5,afgerond,64,Tony Wood,1,10,24539,864,85.2
Series 5,5,afgerond,65,Fallon Sherrock,2,52,141793,5006,84.97
Series 5,5,afgerond,66,Mike Gillet,1,10,26192,925,84.95
Series 5,5,afgerond,67,Tommy Morris,2,40,106710,3771,84.89
Series 5,5,afgerond,68,Cor Dekker,1,25,68899,2435,84.89
Series 5,5,afgerond,69,Bradly Roes,1,29,77597,2743,84.87
Series 5,5,afgerond,70,James Richardson,2,35,97479,3449,84.79
Series 5,5,afgerond,71,Richard Hosey,1,10,27714,981,84.75
Series 5,5,afgerond,72,Jarred Cole,1,25,67980,2408,84.69
Series 5,5,afgerond,73,Harry Ward,1,13,37735,1337,84.67
Series 5,5,afgerond,74,Joe Croft,1,10,26208,929,84.63
Series 5,5,afgerond,75,Kevin Painter,1,27,76876,2725,84.63
Series 5,5,afgerond,76,Danny Lauby,1,10,25950,921,84.53
Series 5,5,afgerond,77,Patrick Van Den Boogaard,1,25,63708,2262,84.49
Series 5,5,afgerond,78,David Evans,1,17,43563,1549,84.37
Series 5,5,afgerond,79,Conor Heneghan,1,18,49418,1760,84.24
Series 5,5,afgerond,80,Adam Mould,1,12,32555,1162,84.05
Series 5,5,afgerond,81,Martyn Turner,1,10,25873,924,84.0
Series 5,5,afgerond,82,Josh Richardson,1,10,27648,988,83.95
Series 5,5,afgerond,83,Ryan Palmer,1,8,18716,670,83.8
Series 5,5,afgerond,84,Christopher Toonders,1,25,67161,2405,83.78
Series 5,5,afgerond,85,Ryan Furness,1,8,19739,707,83.76
Series 5,5,afgerond,86,Lee Cocks,1,23,64535,2314,83.67
Series 5,5,afgerond,87,David Schlichting,1,27,70617,2534,83.6
Series 5,5,afgerond,88,Darren Johnson,1,10,27178,976,83.54
Series 5,5,afgerond,89,Ciaran Teehan,1,8,19286,694,83.37
Series 5,5,afgerond,90,Niall Culleton,1,25,62248,2241,83.33
Series 5,5,afgerond,91,Viktor Tingstrom,1,25,66109,2383,83.23
Series 5,5,afgerond,92,Oskar Lukasiak,1,26,68784,2483,83.11
Series 5,5,afgerond,93,Dmitriy Zhukov,1,23,61365,2216,83.08
Series 5,5,afgerond,94,David Davies,2,18,46244,1670,83.07
Series 5,5,afgerond,95,Lee Budgen,1,10,27061,978,83.01
Series 5,5,afgerond,96,Marko Kantele,1,25,63983,2317,82.84
Series 5,5,afgerond,97,Chris Wickenden,1,25,69825,2532,82.73
Series 5,5,afgerond,98,Ryan De Vreede,1,25,65311,2370,82.67
Series 5,5,afgerond,99,Carl Sneyd,1,10,29071,1059,82.35
Series 5,5,afgerond,100,Andy Hamilton,1,10,25275,921,82.33
Series 5,5,afgerond,101,Richard North,1,12,32481,1184,82.3
Series 5,5,afgerond,102,David Wawrzewski,1,10,25836,942,82.28
Series 5,5,afgerond,103,Dave Prins,1,8,19526,713,82.16
Series 5,5,afgerond,104,Reece Colley,1,14,32050,1171,82.11
Series 5,5,afgerond,105,Richie Howson,1,8,18780,687,82.01
Series 5,5,afgerond,106,John Brown,1,8,19761,724,81.88
Series 5,5,afgerond,107,Mindaugas Barauskas,1,25,66495,2438,81.82
Series 5,5,afgerond,108,Adam Lipscombe,1,25,66364,2440,81.6
Series 5,5,afgerond,109,Charlie Large,1,10,24820,914,81.47
Series 5,5,afgerond,110,Alan Norris,1,25,62919,2320,81.36
Series 5,5,afgerond,111,Rene Eidams,1,25,68267,2531,80.92
Series 5,5,afgerond,112,Geoff Murray,1,10,25159,933,80.9
Series 5,5,afgerond,113,Kevin Edwards,1,8,23294,864,80.88
Series 5,5,afgerond,114,Martin Adams,1,25,63287,2355,80.62
Series 5,5,afgerond,115,Ryan Harrington,1,14,38430,1431,80.57
Series 5,5,afgerond,116,Chris Hurds,1,10,26537,991,80.33
Series 5,5,afgerond,117,Jordan Brooks,1,8,20745,776,80.2
Series 5,5,afgerond,118,Ben Payne,1,10,26914,1007,80.18
Series 5,5,afgerond,119,Scott Winder,1,25,62356,2351,79.57
Series 5,5,afgerond,120,Steve Brown,1,25,64693,2445,79.38
Series 5,5,afgerond,121,Patrick Maat,1,25,64112,2428,79.22
Series 5,5,afgerond,122,Michael Huntley,1,25,63689,2418,79.02
Series 5,5,afgerond,123,Mikuru Suzuki,1,25,59555,2263,78.95
Series 5,5,afgerond,124,Ricky Palmer,1,10,28488,1083,78.91
Series 5,5,afgerond,125,Stefan Schroder,1,23,55155,2101,78.76
Series 5,5,afgerond,126,Mario Robbe,1,25,61555,2356,78.38
Series 5,5,afgerond,127,Jerry Hendriks,1,25,59968,2303,78.12
Series 5,5,afgerond,128,Leighton Bennett,1,25,60309,2318,78.05
Series 5,5,afgerond,129,Mark Hylton,1,8,18030,694,77.94
Series 5,5,afgerond,130,Willem Mandigers,1,25,58131,2247,77.61
Series 5,5,afgerond,131,Connor Hopkins,1,25,59419,2322,76.77
Series 5,5,afgerond,132,Harry Gregory,1,8,22036,876,75.47
Series 5,5,afgerond,133,Kevin Dowling,1,10,22233,908,73.46
Series 5,5,afgerond,134,Sam Cromwell,1,10,22133,922,72.02
Series 5,5,afgerond,135,Trina Gulliver,1,8,18365,771,71.46
Series 6,6,afgerond,1,Dom Taylor,1,27,68269,2145,95.48
Series 6,6,afgerond,2,David Evans,1,11,30871,971,95.38
Series 6,6,afgerond,3,Scott Taylor,2,54,146960,4722,93.37
Series 6,6,afgerond,4,Andreas Harrysson,1,19,51243,1655,92.89
Series 6,6,afgerond,5,Sebastian Bialecki,1,18,49233,1593,92.72
Series 6,6,afgerond,6,Steve West,1,27,73303,2393,91.9
Series 6,6,afgerond,7,Tom Sykes,2,33,87359,2858,91.7
Series 6,6,afgerond,8,John Henderson,1,26,69810,2292,91.37
Series 6,6,afgerond,9,Darryl Pilgrim,1,23,62249,2044,91.36
Series 6,6,afgerond,10,Leonard Gates,1,27,73637,2419,91.32
Series 6,6,afgerond,11,Shane McGuirk,1,8,22916,755,91.06
Series 6,6,afgerond,12,Andy Boulton,2,50,135033,4470,90.63
Series 6,6,afgerond,13,Danny Lauby,1,27,74407,2484,89.86
Series 6,6,afgerond,14,Justin Hood,1,13,35458,1185,89.77
Series 6,6,afgerond,15,Ted Evetts,1,23,62423,2088,89.69
Series 6,6,afgerond,16,Thibault Tricole,1,17,44112,1476,89.66
Series 6,6,afgerond,17,Lee Cocks,1,8,22206,744,89.54
Series 6,6,afgerond,18,Mike Gillet,1,8,20308,681,89.46
Series 6,6,afgerond,19,Jamie Kelling,1,13,37233,1251,89.29
Series 6,6,afgerond,20,Kurt Parry,1,26,68716,2316,89.01
Series 6,6,afgerond,21,Ron Meulenkamp,2,25,69438,2346,88.8
Series 6,6,afgerond,22,Ross Montgomery,1,10,26730,903,88.8
Series 6,6,afgerond,23,Justin Smith,1,10,27163,918,88.77
Series 6,6,afgerond,24,Ben Robb,1,19,50945,1722,88.75
Series 6,6,afgerond,25,Wayne Jones,2,37,96449,3262,88.7
Series 6,6,afgerond,26,Connor Scutt,1,10,26091,885,88.44
Series 6,6,afgerond,27,Haupai Puha,1,10,27224,926,88.2
Series 6,6,afgerond,28,Anton Ostlund,1,25,68856,2343,88.16
Series 6,6,afgerond,29,Steve Hine,1,27,72737,2477,88.09
Series 6,6,afgerond,30,Stefan Bellmont,1,27,71536,2439,87.99
Series 6,6,afgerond,31,Scott Mitchell,2,42,111650,3809,87.94
Series 6,6,afgerond,32,Neil Duff,1,19,52138,1782,87.77
Series 6,6,afgerond,33,Martin Thomas,1,11,27663,946,87.73
Series 6,6,afgerond,34,Mike Warburton,1,11,31525,1078,87.73
Series 6,6,afgerond,35,Joe Murnan,1,10,26434,904,87.72
Series 6,6,afgerond,36,Mark Dudbridge,1,13,34144,1168,87.7
Series 6,6,afgerond,37,Richie Howson,1,14,37252,1275,87.65
Series 6,6,afgerond,38,Viktor Tingstrom,1,18,45667,1564,87.6
Series 6,6,afgerond,39,Colin McGarry,1,28,72833,2500,87.4
Series 6,6,afgerond,40,James Wilson,1,13,35380,1215,87.36
Series 6,6,afgerond,41,Jacob Taylor,1,26,73133,2512,87.34
Series 6,6,afgerond,42,Paul Hogan,1,11,30334,1042,87.33
Series 6,6,afgerond,43,Jim McEwan,2,36,103650,3561,87.32
Series 6,6,afgerond,44,Jimmy Van Schie,1,25,67311,2314,87.27
Series 6,6,afgerond,45,Jon Worsley,1,25,65406,2250,87.21
Series 6,6,afgerond,46,Darren Webster,2,20,51504,1773,87.15
Series 6,6,afgerond,47,Alec Small,1,10,27340,943,86.98
Series 6,6,afgerond,48,Gilbert Van Der Meijden,1,25,69975,2419,86.78
Series 6,6,afgerond,49,Jarred Cole,1,10,25013,866,86.65
Series 6,6,afgerond,50,Cam Crabtree,2,39,97591,3380,86.62
Series 6,6,afgerond,51,Colin Osborne,1,20,56633,1963,86.55
Series 6,6,afgerond,52,Tom Lonsdale,1,8,19673,682,86.54
Series 6,6,afgerond,53,Joe Croft,1,8,21544,747,86.52
Series 6,6,afgerond,54,Adam Lipscombe,1,10,28110,975,86.49
Series 6,6,afgerond,55,Chris Gilliland,1,17,49146,1705,86.47
Series 6,6,afgerond,56,Conor Heneghan,1,11,29164,1013,86.37
Series 6,6,afgerond,57,Willie Borland,1,27,69707,2423,86.31
Series 6,6,afgerond,58,James Richardson,1,23,60188,2092,86.31
Series 6,6,afgerond,59,Conan Whitehead,1,18,48538,1690,86.16
Series 6,6,afgerond,60,Marcel Walpen,1,18,48921,1704,86.13
Series 6,6,afgerond,61,Jake Macmillan,1,17,43087,1503,86.0
Series 6,6,afgerond,62,Brian Raman,1,17,44550,1555,85.95
Series 6,6,afgerond,63,John O&#039;Shea,2,27,70322,2455,85.93
Series 6,6,afgerond,64,Martin Adams,1,11,31297,1093,85.9
Series 6,6,afgerond,65,Adam Hunt,1,27,67271,2351,85.84
Series 6,6,afgerond,66,James Vanbesien,1,25,64519,2255,85.83
Series 6,6,afgerond,67,Harry Ward,1,26,71331,2494,85.8
Series 6,6,afgerond,68,Reece Colley,2,24,65306,2284,85.78
Series 6,6,afgerond,69,Ryan Harrington,2,22,58762,2056,85.74
Series 6,6,afgerond,70,Rob Grundy,1,8,20718,725,85.73
Series 6,6,afgerond,71,Chris Landman,1,22,61041,2137,85.69
Series 6,6,afgerond,72,Bradley Brooks,1,10,27764,972,85.69
Series 6,6,afgerond,73,Tommy Morris,1,10,25870,906,85.66
Series 6,6,afgerond,74,Jeroen Caron,1,20,55012,1931,85.47
Series 6,6,afgerond,75,Chris Quantock,1,8,20172,708,85.47
Series 6,6,afgerond,76,Bradly Roes,1,23,61844,2173,85.38
Series 6,6,afgerond,77,Adrian Gray,1,13,35315,1242,85.3
Series 6,6,afgerond,78,Andy Hamilton,1,12,32632,1149,85.2
Series 6,6,afgerond,79,Brett Claydon,1,10,27402,965,85.19
Series 6,6,afgerond,80,Chas Barstow,2,37,93612,3299,85.13
Series 6,6,afgerond,81,Harry Gregory,1,11,30511,1076,85.07
Series 6,6,afgerond,82,Chris Wickenden,1,25,65779,2324,84.91
Series 6,6,afgerond,83,Alex Spellman,1,25,66092,2336,84.88
Series 6,6,afgerond,84,Jeffrey de Graaf,1,23,61049,2159,84.83
Series 6,6,afgerond,85,Scott Marsh,1,8,20468,726,84.58
Series 6,6,afgerond,86,Marko Kantele,1,25,70004,2485,84.51
Series 6,6,afgerond,87,Robert Thornton,1,12,31883,1132,84.5
Series 6,6,afgerond,88,Carl Sneyd,1,23,61819,2195,84.49
Series 6,6,afgerond,89,Kevin Painter,1,12,32540,1158,84.3
Series 6,6,afgerond,90,Geoff Murray,1,10,27055,963,84.28
Series 6,6,afgerond,91,Johan Engstrom,1,27,71961,2562,84.26
Series 6,6,afgerond,92,David Davies,1,10,28654,1024,83.95
Series 6,6,afgerond,93,Michel van der Horst,1,23,63298,2262,83.95
Series 6,6,afgerond,94,Gary Stone,2,22,59175,2115,83.94
Series 6,6,afgerond,95,A. Toft-Jørgensen,1,25,65030,2331,83.69
Series 6,6,afgerond,96,Adam Mould,1,10,29961,1075,83.61
Series 6,6,afgerond,97,Ole Holtkamp,1,25,59705,2145,83.5
Series 6,6,afgerond,98,Cor Dekker,1,10,27150,977,83.37
Series 6,6,afgerond,99,Tony Wood,1,25,67320,2430,83.11
Series 6,6,afgerond,100,Richard North,1,8,21279,769,83.01
Series 6,6,afgerond,101,Tony O&#039;Shea,1,8,22482,815,82.76
Series 6,6,afgerond,102,Lee Budgen,1,25,64996,2358,82.69
Series 6,6,afgerond,103,Kristiaan De Boer,1,17,47974,1741,82.67
Series 6,6,afgerond,104,Haruki Muramatsu,1,23,64230,2333,82.59
Series 6,6,afgerond,105,Matthew Edgar,1,8,21216,771,82.55
Series 6,6,afgerond,106,Danny Smith,1,8,22195,807,82.51
Series 6,6,afgerond,107,Simon Adams,1,27,68245,2485,82.39
Series 6,6,afgerond,108,Ryan Furness,1,12,30694,1119,82.29
Series 6,6,afgerond,109,Matt Clark,1,25,66326,2422,82.15
Series 6,6,afgerond,110,Neil Meneer,1,10,25335,928,81.9
Series 6,6,afgerond,111,Mareno Michels,1,27,76060,2790,81.78
Series 6,6,afgerond,112,Simon Preston,1,10,26692,980,81.71
Series 6,6,afgerond,113,Steve Brown,1,10,25841,955,81.18
Series 6,6,afgerond,114,Charlie Large,2,23,60181,2227,81.07
Series 6,6,afgerond,115,Stu Wilson,1,10,26479,981,80.98
Series 6,6,afgerond,116,Bram Van Dijk,1,25,63575,2358,80.88
Series 6,6,afgerond,117,Nathan Treadgold,1,25,60907,2262,80.78
Series 6,6,afgerond,118,Darren Johnson,1,13,33626,1252,80.57
Series 6,6,afgerond,119,Felix Schiertz,1,25,62782,2341,80.46
Series 6,6,afgerond,120,Scott Walters,2,33,85896,3208,80.33
Series 6,6,afgerond,121,Mat Caste,1,10,26288,984,80.15
Series 6,6,afgerond,122,Niall Culleton,1,25,66519,2490,80.14
Series 6,6,afgerond,123,Mikuru Suzuki,1,25,68870,2580,80.08
Series 6,6,afgerond,124,Steven Plumstead,1,25,68933,2589,79.88
Series 6,6,afgerond,125,Rob Collins,1,8,20214,761,79.69
Series 6,6,afgerond,126,Ricky Palmer,1,10,28920,1089,79.67
Series 6,6,afgerond,127,Jan McIntosh,1,25,64506,2430,79.64
Series 6,6,afgerond,128,David Schlichting,1,8,19763,747,79.37
Series 6,6,afgerond,129,Nico Blum,1,29,74583,2822,79.29
Series 6,6,afgerond,130,Alan Norris,1,10,24856,941,79.24
Series 6,6,afgerond,131,Kevin Garcia,1,10,25395,965,78.95
Series 6,6,afgerond,132,JT Davis,1,25,66364,2530,78.69
Series 6,6,afgerond,133,Christopher Toonders,1,25,68369,2612,78.52
Series 6,6,afgerond,134,Lisa Ashton,1,15,38913,1487,78.51
Series 6,6,afgerond,135,Keelan Kay,1,10,26156,1000,78.47
Series 6,6,afgerond,136,Glen Durrant,1,8,21687,840,77.45
Series 6,6,afgerond,137,Kevin Dowling,1,10,24741,968,76.68
Series 6,6,afgerond,138,Norbert Attard,1,10,21204,831,76.55
Series 6,6,afgerond,139,Tom Van den Hoogen,1,25,55353,2200,75.48
Series 6,6,afgerond,140,Chris Hurds,1,10,25173,1003,75.29
Series 6,6,afgerond,141,Thomas Banks,1,25,61237,2459,74.71
Series 6,6,afgerond,142,Trina Gulliver,1,10,21314,894,71.52
Series 7,7,afgerond,1,Justin Smith,1,11,32244,1045,92.57
Series 7,7,afgerond,2,Beau Greaves,2,30,79923,2596,92.36
Series 7,7,afgerond,3,Gilbert Van Der Meijden,1,27,73067,2392,91.64
Series 7,7,afgerond,4,Ted Evetts,1,26,70998,2336,91.18
Series 7,7,afgerond,5,Jamie Atkins,1,10,26909,890,90.7
Series 7,7,afgerond,6,Derek Coulson,1,10,29312,970,90.66
Series 7,7,afgerond,7,Darryl Pilgrim,1,17,43566,1444,90.51
Series 7,7,afgerond,8,Tom Sykes,1,27,69657,2309,90.5
Series 7,7,afgerond,9,Ross Montgomery,1,10,27616,916,90.45
Series 7,7,afgerond,10,Andreas Harrysson,2,56,152336,5053,90.44
Series 7,7,afgerond,11,Richie Howson,1,10,28348,942,90.28
Series 7,7,afgerond,12,Harry Gregory,1,18,50428,1676,90.26
Series 7,7,afgerond,13,David Evans,1,11,28202,938,90.2
Series 7,7,afgerond,14,Harry Ward,1,26,70849,2362,89.99
Series 7,7,afgerond,15,Scott Mitchell,1,18,50952,1699,89.97
Series 7,7,afgerond,16,Shane McGuirk,2,26,71797,2406,89.52
Series 7,7,afgerond,17,Andy Davidson,2,52,145425,4887,89.27
Series 7,7,afgerond,18,Darius Labanauskas,2,40,110267,3717,89.0
Series 7,7,afgerond,19,Reece Robinson,2,24,62726,2116,88.93
Series 7,7,afgerond,20,Jon Worsley,1,12,32840,1110,88.76
Series 7,7,afgerond,21,Andy Boulton,2,37,100998,3416,88.7
Series 7,7,afgerond,22,Scott Taylor,2,30,74115,2507,88.69
Series 7,7,afgerond,23,Kurt Parry,1,11,30498,1032,88.66
Series 7,7,afgerond,24,Fallon Sherrock,1,23,63891,2162,88.66
Series 7,7,afgerond,25,Conor Heneghan,2,44,119833,4059,88.57
Series 7,7,afgerond,26,Conan Whitehead,1,25,64911,2204,88.35
Series 7,7,afgerond,27,Jimmy Van Schie,2,37,103993,3535,88.25
Series 7,7,afgerond,28,Bradley Brooks,2,35,94626,3220,88.16
Series 7,7,afgerond,29,Marvin van Velzen,1,27,69495,2369,88.01
Series 7,7,afgerond,30,Viktor Tingstrom,1,18,48098,1640,87.98
Series 7,7,afgerond,31,Connor Scutt,1,23,60778,2073,87.96
Series 7,7,afgerond,32,Greg Ritchie,1,12,30664,1046,87.95
Series 7,7,afgerond,33,Cam Crabtree,2,24,62736,2141,87.91
Series 7,7,afgerond,34,Leonard Gates,1,18,49341,1686,87.8
Series 7,7,afgerond,35,Jeff Smith,1,11,30543,1044,87.77
Series 7,7,afgerond,36,John O&#039;Shea,1,27,72548,2486,87.55
Series 7,7,afgerond,37,Damian Mol,1,25,64550,2217,87.35
Series 7,7,afgerond,38,Lee Cocks,2,33,88186,3031,87.28
Series 7,7,afgerond,39,Adam Lipscombe,2,36,94801,3260,87.24
Series 7,7,afgerond,40,Reece Colley,1,27,72312,2490,87.12
Series 7,7,afgerond,41,Neil Duff,2,37,93156,3210,87.06
Series 7,7,afgerond,42,Ciaran Teehan,2,37,97183,3350,87.03
Series 7,7,afgerond,43,Steven Johnstone,1,23,57913,1998,86.96
Series 7,7,afgerond,44,Tommy Morris,2,26,66865,2307,86.95
Series 7,7,afgerond,45,Mark Dudbridge,1,8,20735,716,86.88
Series 7,7,afgerond,46,Dan Astbury,1,18,51041,1765,86.76
Series 7,7,afgerond,47,Justin Hood,1,14,40284,1393,86.76
Series 7,7,afgerond,48,Johnny Haines,1,10,28310,979,86.75
Series 7,7,afgerond,49,Jamie Kelling,1,14,38043,1319,86.53
Series 7,7,afgerond,50,Nathan Girvan,1,25,67918,2357,86.45
Series 7,7,afgerond,51,Sebastian Bialecki,1,27,71001,2464,86.45
Series 7,7,afgerond,52,Andy Hamilton,2,36,93054,3233,86.35
Series 7,7,afgerond,53,Corné Groeneveld,1,23,62545,2173,86.35
Series 7,7,afgerond,54,Adam Mould,1,25,72173,2518,85.99
Series 7,7,afgerond,55,David Cameron,1,27,73693,2572,85.96
Series 7,7,afgerond,56,Ron Meulenkamp,1,19,50664,1769,85.92
Series 7,7,afgerond,57,Llew Bevan,1,8,20865,729,85.86
Series 7,7,afgerond,58,Paul Hogan,1,8,19686,688,85.84
Series 7,7,afgerond,59,Danny Jansen,1,27,77727,2718,85.79
Series 7,7,afgerond,60,Mike Norton,1,8,20674,723,85.78
Series 7,7,afgerond,61,Terry Nash,1,10,25762,901,85.78
Series 7,7,afgerond,62,Aden Kirk,1,12,31750,1111,85.73
Series 7,7,afgerond,63,Jenson Walker,1,12,35146,1233,85.51
Series 7,7,afgerond,64,Jim McEwan,1,25,68132,2391,85.49
Series 7,7,afgerond,65,Thomas Lovely,1,12,33752,1186,85.38
Series 7,7,afgerond,66,Mike Warburton,1,29,75943,2672,85.27
Series 7,7,afgerond,67,Bradly Roes,2,29,77503,2737,84.95
Series 7,7,afgerond,68,Sean McKinney,1,10,24184,857,84.66
Series 7,7,afgerond,69,Martin Adams,1,11,27097,962,84.5
Series 7,7,afgerond,70,John Michael,1,23,62410,2216,84.49
Series 7,7,afgerond,71,Colin Osborne,1,29,81238,2886,84.45
Series 7,7,afgerond,72,Darren Armstrong,1,27,75401,2686,84.22
Series 7,7,afgerond,73,Carlo van Peer,1,26,72558,2589,84.08
Series 7,7,afgerond,74,Jack Male,1,10,26511,946,84.07
Series 7,7,afgerond,75,James Vanbesien,1,25,61477,2196,83.98
Series 7,7,afgerond,76,Pete Burgoyne,1,8,20097,723,83.39
Series 7,7,afgerond,77,Daniel Lee,1,10,25401,914,83.37
Series 7,7,afgerond,78,Shane Hayward,1,10,26315,948,83.28
Series 7,7,afgerond,79,Doug Boehm,1,25,68370,2463,83.28
Series 7,7,afgerond,80,Michel van der Horst,1,25,68937,2484,83.26
Series 7,7,afgerond,81,Mike Gillet,1,8,19061,688,83.11
Series 7,7,afgerond,82,Adrian Gray,1,13,35707,1290,83.04
Series 7,7,afgerond,83,Ashley Coleman,2,33,85840,3104,82.96
Series 7,7,afgerond,84,Rob Collins,1,8,22349,809,82.88
Series 7,7,afgerond,85,Mat Caste,1,10,26708,968,82.77
Series 7,7,afgerond,86,Chris Quantock,1,8,21304,773,82.68
Series 7,7,afgerond,87,James Richardson,1,25,64742,2349,82.68
Series 7,7,afgerond,88,Devon Petersen,2,35,93050,3377,82.66
Series 7,7,afgerond,89,Joe Croft,1,13,32147,1169,82.5
Series 7,7,afgerond,90,Steve Hine,1,12,31405,1142,82.5
Series 7,7,afgerond,91,Jimmy Hendriks,1,25,63789,2321,82.45
Series 7,7,afgerond,92,Chas Barstow,1,10,26335,959,82.38
Series 7,7,afgerond,93,Jarred Cole,1,10,27375,998,82.29
Series 7,7,afgerond,94,David Wawrzewski,1,11,31512,1150,82.21
Series 7,7,afgerond,95,Kevin Painter,1,23,58408,2135,82.07
Series 7,7,afgerond,96,Alan Norris,1,10,26591,973,81.99
Series 7,7,afgerond,97,Chris Hurds,1,13,37518,1376,81.8
Series 7,7,afgerond,98,Richard Rowlands,1,12,32640,1198,81.74
Series 7,7,afgerond,99,Brian Raman,1,25,63345,2326,81.7
Series 7,7,afgerond,100,Martin Grearson,1,10,25316,930,81.66
Series 7,7,afgerond,101,Stuart Kellett,1,10,26608,979,81.54
Series 7,7,afgerond,102,Ivo Leeksma,1,27,75283,2773,81.45
Series 7,7,afgerond,103,Jonny Barnes,1,25,65834,2425,81.44
Series 7,7,afgerond,104,Scott Baker,1,13,33077,1221,81.27
Series 7,7,afgerond,105,David Davies,1,10,24638,910,81.22
Series 7,7,afgerond,106,Johann Brouwer,1,23,63222,2347,80.81
Series 7,7,afgerond,107,Dave Ladley,1,10,28320,1058,80.3
Series 7,7,afgerond,108,Michael Huntley,1,25,67748,2538,80.08
Series 7,7,afgerond,109,Joe Murnan,1,23,61500,2309,79.9
Series 7,7,afgerond,110,Nick Fullwell,1,10,25485,958,79.81
Series 7,7,afgerond,111,Antony Allen,1,26,65951,2481,79.75
Series 7,7,afgerond,112,Rusty-Jake Rodriguez,1,25,66063,2485,79.75
Series 7,7,afgerond,113,Ryan Furness,1,10,27889,1051,79.61
Series 7,7,afgerond,114,Michael Burgoine,1,25,61673,2327,79.51
Series 7,7,afgerond,115,Jacob Gwynne,1,10,28790,1090,79.24
Series 7,7,afgerond,116,Raymond Mulvey,1,25,59828,2274,78.93
Series 7,7,afgerond,117,Max De Jong,1,25,65978,2512,78.8
Series 7,7,afgerond,118,Lloyd Walker,1,5,12279,468,78.71
Series 7,7,afgerond,119,Mason Whitlock,1,10,25509,976,78.41
Series 7,7,afgerond,120,Timothy Verbrugghe,1,25,67532,2586,78.34
Series 7,7,afgerond,121,Kieran Smith,1,27,62858,2425,77.76
Series 7,7,afgerond,122,Robert Thornton,1,25,63447,2456,77.5
Series 7,7,afgerond,123,Keelan Kay,1,10,26903,1055,76.5
Series 7,7,afgerond,124,Nigel Lloyd,1,25,59746,2351,76.24
Series 7,7,afgerond,125,Lisa Ashton,1,25,57033,2263,75.61
Series 7,7,afgerond,126,Lewy Williams,1,25,54255,2182,74.59
Series 7,7,afgerond,127,Bhav Patel,1,8,19374,782,74.32
Series 7,7,afgerond,128,Dennis van der Ende,1,25,63454,2569,74.1
Series 7,7,afgerond,129,Alec Small,1,10,24292,990,73.61
Series 7,7,afgerond,130,Brandon Western,1,10,23331,952,73.52
Series 7,7,afgerond,131,Josh Carter,1,25,63630,2600,73.42
Series 7,7,afgerond,132,Johnny Stewart,1,10,22876,936,73.32
Series 7,7,afgerond,133,Trina Gulliver,1,8,18792,771,73.12
Series 7,7,afgerond,134,Owen Bowden,1,5,10878,450,72.52
Series 7,7,afgerond,135,Richard North,1,8,20899,870,72.07
Series 7,7,afgerond,136,Aaron Beeney,1,10,23624,991,71.52
Series 8,8,afgerond,1,Andreas Harrysson,1,19,51735,1633,95.04
Series 8,8,afgerond,2,Wesley Plaisier,1,18,49210,1557,94.82
Series 8,8,afgerond,3,Connor Scutt,2,37,99100,3212,92.56
Series 8,8,afgerond,4,John Henderson,1,25,71555,2335,91.93
Series 8,8,afgerond,5,Tommy Morris,1,23,60014,1973,91.25
Series 8,8,afgerond,6,Tom Sykes,2,44,117528,3871,91.08
Series 8,8,afgerond,7,Ted Evetts,1,8,20413,674,90.86
Series 8,8,afgerond,8,Marvin van Velzen,2,54,148610,4911,90.78
Series 8,8,afgerond,9,Alan Norris,1,10,25290,837,90.65
Series 8,8,afgerond,10,Chris Quantock,1,10,27091,901,90.2
Series 8,8,afgerond,11,Justin Hood,1,11,27951,930,90.16
Series 8,8,afgerond,12,Justin Smith,1,12,32255,1075,90.01
Series 8,8,afgerond,13,Darryl Pilgrim,1,23,61409,2047,90.0
Series 8,8,afgerond,14,Jimmy Van Schie,2,56,148158,4977,89.31
Series 8,8,afgerond,15,Andy Boulton,1,25,66547,2236,89.28
Series 8,8,afgerond,16,Adam Paxton,2,22,55872,1882,89.06
Series 8,8,afgerond,17,Cam Crabtree,1,25,65711,2216,88.96
Series 8,8,afgerond,18,Derek Coulson,2,26,67491,2276,88.96
Series 8,8,afgerond,19,Boris Koltsov,1,26,73654,2487,88.85
Series 8,8,afgerond,20,Mark McGeeney,1,10,27561,932,88.72
Series 8,8,afgerond,21,John O&#039;Shea,1,10,29867,1010,88.71
Series 8,8,afgerond,22,Tommy Lishman,1,27,73469,2486,88.66
Series 8,8,afgerond,23,Andy Davidson,2,38,99762,3377,88.62
Series 8,8,afgerond,24,Kurt Parry,1,10,26315,891,88.6
Series 8,8,afgerond,25,Jeff Smith,1,17,45885,1554,88.58
Series 8,8,afgerond,26,Richie Burnett,1,19,52634,1785,88.46
Series 8,8,afgerond,27,Sebastian Bialecki,1,27,72802,2469,88.46
Series 8,8,afgerond,28,Jim Long,2,37,95354,3238,88.35
Series 8,8,afgerond,29,Reece Colley,1,8,20992,715,88.08
Series 8,8,afgerond,30,Neil Duff,2,54,143480,4902,87.81
Series 8,8,afgerond,31,Barry Copeland,1,28,75798,2601,87.43
Series 8,8,afgerond,32,Bradley Brooks,1,18,51732,1779,87.24
Series 8,8,afgerond,33,Mike Warburton,1,29,76998,2649,87.2
Series 8,8,afgerond,34,Jim McEwan,1,17,42884,1476,87.16
Series 8,8,afgerond,35,Gary Stone,1,8,20044,690,87.15
Series 8,8,afgerond,36,Nathan Girvan,1,11,27009,931,87.03
Series 8,8,afgerond,37,Richie Howson,1,27,68882,2375,87.01
Series 8,8,afgerond,38,Wayne Jones,1,17,43294,1493,86.99
Series 8,8,afgerond,39,Mark Dudbridge,1,10,25312,873,86.98
Series 8,8,afgerond,40,Steve West,2,40,105606,3643,86.97
Series 8,8,afgerond,41,Richard Rowlands,2,22,60999,2106,86.89
Series 8,8,afgerond,42,Thomas Banks,2,54,144292,4985,86.84
Series 8,8,afgerond,43,Jamie Owens,1,17,47674,1647,86.84
Series 8,8,afgerond,44,Viktor Tingstrom,1,26,68443,2366,86.78
Series 8,8,afgerond,45,Reece Robinson,1,28,71594,2479,86.64
Series 8,8,afgerond,46,Krzysztof Kciuk,1,26,73439,2544,86.6
Series 8,8,afgerond,47,Chris Gilliland,1,25,66024,2288,86.57
Series 8,8,afgerond,48,Shane Hayward,1,14,37639,1306,86.46
Series 8,8,afgerond,49,Martin Grearson,1,10,27403,951,86.44
Series 8,8,afgerond,50,Mike van Duivenbode,1,11,30824,1070,86.42
Series 8,8,afgerond,51,Robert Thornton,1,25,67314,2344,86.15
Series 8,8,afgerond,52,Thomas Lovely,1,8,18821,656,86.07
Series 8,8,afgerond,53,Timothy Verbrugghe,1,25,66775,2328,86.05
Series 8,8,afgerond,54,Shane McGuirk,1,28,75848,2646,86.0
Series 8,8,afgerond,55,Terry Nash,1,14,38288,1336,85.98
Series 8,8,afgerond,56,Stefan Bellmont,1,25,67664,2361,85.98
Series 8,8,afgerond,57,Aden Kirk,1,10,24443,854,85.87
Series 8,8,afgerond,58,Andy Hamilton,1,11,29060,1016,85.81
Series 8,8,afgerond,59,David Wawrzewski,1,13,33435,1169,85.8
Series 8,8,afgerond,60,Paul Hogan,2,22,58256,2040,85.67
Series 8,8,afgerond,61,Adam Lipscombe,1,8,19983,701,85.52
Series 8,8,afgerond,62,Lee Cocks,2,27,71797,2526,85.27
Series 8,8,afgerond,63,Scott Taylor,1,23,63226,2226,85.21
Series 8,8,afgerond,64,Steven Johnstone,1,12,31217,1100,85.14
Series 8,8,afgerond,65,Darren Armstrong,1,10,25127,886,85.08
Series 8,8,afgerond,66,Jon Worsley,1,11,28367,1001,85.02
Series 8,8,afgerond,67,Conan Whitehead,1,25,69516,2455,84.95
Series 8,8,afgerond,68,Jarno Bottenberg,1,28,77644,2742,84.95
Series 8,8,afgerond,69,Ashley Coleman,1,26,71559,2528,84.92
Series 8,8,afgerond,70,Jamie Kelling,1,8,21005,743,84.81
Series 8,8,afgerond,71,David Davies,1,8,23163,820,84.74
Series 8,8,afgerond,72,Adam Mould,1,23,61447,2176,84.72
Series 8,8,afgerond,73,Ross Montgomery,1,11,29593,1048,84.71
Series 8,8,afgerond,74,Llew Bevan,1,10,23904,847,84.67
Series 8,8,afgerond,75,Stuart Kellett,1,12,32418,1149,84.64
Series 8,8,afgerond,76,Martyn Turner,1,10,28030,994,84.6
Series 8,8,afgerond,77,Scott Mitchell,1,11,30700,1089,84.57
Series 8,8,afgerond,78,Charlie Large,1,8,22290,791,84.54
Series 8,8,afgerond,79,Jack Male,1,10,25509,906,84.47
Series 8,8,afgerond,80,Conor Heneghan,1,19,52503,1865,84.46
Series 8,8,afgerond,81,Colin Osborne,1,29,78062,2774,84.42
Series 8,8,afgerond,82,Ron Meulenkamp,1,8,21187,754,84.3
Series 8,8,afgerond,83,Jamie Atkins,1,10,29377,1046,84.26
Series 8,8,afgerond,84,Jenson Walker,1,10,26988,961,84.25
Series 8,8,afgerond,85,Harry Ward,1,23,61028,2175,84.18
Series 8,8,afgerond,86,Sean McKinney,1,10,26703,952,84.15
Series 8,8,afgerond,87,Scott Campbell,1,10,28924,1032,84.08
Series 8,8,afgerond,88,Nick Fullwell,1,10,24338,869,84.02
Series 8,8,afgerond,89,Niall Culleton,1,25,65713,2348,83.96
Series 8,8,afgerond,90,Adrian Gray,1,14,40153,1435,83.94
Series 8,8,afgerond,91,Chris Hurds,1,10,26084,933,83.87
Series 8,8,afgerond,92,Carl Sneyd,1,10,25100,898,83.85
Series 8,8,afgerond,93,Paul Milford,1,10,25786,923,83.81
Series 8,8,afgerond,94,David Evans,1,26,70018,2512,83.62
Series 8,8,afgerond,95,Moreno Blom,1,27,74458,2678,83.41
Series 8,8,afgerond,96,Killian McCormack,1,27,69999,2518,83.4
Series 8,8,afgerond,97,Gilbert Van Der Meijden,1,25,60975,2198,83.22
Series 8,8,afgerond,98,Martin Adams,1,25,63921,2312,82.94
Series 8,8,afgerond,99,Jarred Cole,1,8,19072,691,82.8
Series 8,8,afgerond,100,Greg Ritchie,1,10,26441,959,82.71
Series 8,8,afgerond,101,Bradly Roes,1,28,72129,2617,82.69
Series 8,8,afgerond,102,Ciaran Teehan,1,25,63954,2322,82.63
Series 8,8,afgerond,103,Steve Hine,1,8,21687,789,82.46
Series 8,8,afgerond,104,Tom Lonsdale,1,25,65850,2403,82.21
Series 8,8,afgerond,105,Mareno Michels,1,28,70774,2591,81.95
Series 8,8,afgerond,106,Michael Burgoine,1,25,63486,2330,81.74
Series 8,8,afgerond,107,Joe Croft,1,27,72690,2671,81.64
Series 8,8,afgerond,108,Geert De Vos,1,25,66452,2444,81.57
Series 8,8,afgerond,109,Fallon Sherrock,1,11,29914,1103,81.36
Series 8,8,afgerond,110,Peter Hudson,1,10,27111,1000,81.33
Series 8,8,afgerond,111,Brian Raman,1,25,66074,2438,81.31
Series 8,8,afgerond,112,Keelan Kay,1,8,20906,773,81.14
Series 8,8,afgerond,113,Revelino Dubois,1,23,60709,2245,81.13
Series 8,8,afgerond,114,Chas Barstow,1,10,24815,920,80.92
Series 8,8,afgerond,115,Mason Whitlock,1,10,25644,951,80.9
Series 8,8,afgerond,116,Mike Gillet,1,10,27513,1022,80.76
Series 8,8,afgerond,117,Alec Small,1,8,21314,794,80.53
Series 8,8,afgerond,118,Noa-Lynn van Leuven,1,11,30028,1119,80.5
Series 8,8,afgerond,119,Paul Lewis,1,25,65289,2435,80.44
Series 8,8,afgerond,120,Mat Caste,1,10,25697,962,80.14
Series 8,8,afgerond,121,Stefaan Henderyck,1,23,66464,2490,80.08
Series 8,8,afgerond,122,Johann Brouwer,1,25,62278,2341,79.81
Series 8,8,afgerond,123,Simon Adams,1,25,68056,2559,79.78
Series 8,8,afgerond,124,Ricardo Ham,1,25,63502,2393,79.61
Series 8,8,afgerond,125,Pontus Danielsson,1,25,58417,2215,79.12
Series 8,8,afgerond,126,Daniel Stephenson,1,10,25007,954,78.64
Series 8,8,afgerond,127,Arne Spee,1,25,62376,2384,78.49
Series 8,8,afgerond,128,Scott Marsh,1,10,27194,1040,78.44
Series 8,8,afgerond,129,Antony Allen,1,10,26354,1008,78.43
Series 8,8,afgerond,130,Craig Galliano,1,8,21886,842,77.98
Series 8,8,afgerond,131,Jeroen Mioch,1,25,64373,2479,77.9
Series 8,8,afgerond,132,Tom Cromwell,1,10,24871,962,77.56
Series 8,8,afgerond,133,Simon Teysen,1,25,65134,2521,77.51
Series 8,8,afgerond,134,Kendrick Koordom,1,25,58634,2276,77.29
Series 8,8,afgerond,135,Richard Hosey,1,10,24835,969,76.89
Series 8,8,afgerond,136,Karl Coleman,1,10,23619,922,76.85
Series 8,8,afgerond,137,Ben Payne,1,25,52799,2076,76.3
Series 8,8,afgerond,138,Tony O&#039;Shea,1,8,16975,676,75.33
Series 8,8,afgerond,139,Steven Jamieson,1,25,60520,2413,75.24
Series 8,8,afgerond,140,Bhav Patel,1,10,22109,915,72.49
Series 8,8,afgerond,141,Jordan Matthews,1,8,16837,700,72.16
Series 8,8,afgerond,142,Harry Gregory,1,8,14596,648,67.57
Series 9,9,afgerond,1,Niko Springer,1,11,29660,920,96.72
Series 9,9,afgerond,2,Jimmy Van Schie,1,19,47326,1541,92.13
Series 9,9,afgerond,3,Darryl Pilgrim,1,25,61585,2009,91.96
Series 9,9,afgerond,4,Derek Coulson,2,24,68809,2252,91.66
Series 9,9,afgerond,5,James Wilson,1,11,30194,992,91.31
Series 9,9,afgerond,6,Alex Spellman,1,18,50561,1665,91.1
Series 9,9,afgerond,7,Scott Taylor,2,54,149756,4935,91.04
Series 9,9,afgerond,8,Viktor Tingstrom,1,10,28047,926,90.87
Series 9,9,afgerond,9,Tom Sykes,2,54,147796,4883,90.8
Series 9,9,afgerond,10,Peter Jacques,1,8,21886,725,90.56
Series 9,9,afgerond,11,Richard Rowlands,1,11,28209,935,90.51
Series 9,9,afgerond,12,Jim Long,2,52,141401,4689,90.47
Series 9,9,afgerond,13,Darius Labanauskas,2,54,150071,4987,90.28
Series 9,9,afgerond,14,Chas Barstow,1,8,21287,710,89.95
Series 9,9,afgerond,15,Tommy Morris,2,25,65207,2175,89.94
Series 9,9,afgerond,16,Kurt Parry,1,17,48662,1624,89.89
Series 9,9,afgerond,17,Andreas Harrysson,2,37,100883,3368,89.86
Series 9,9,afgerond,18,Cam Crabtree,1,26,70980,2371,89.81
Series 9,9,afgerond,19,Ryan Branley,1,12,32258,1080,89.61
Series 9,9,afgerond,20,Martyn Turner,1,10,26038,872,89.58
Series 9,9,afgerond,21,Tommy Lishman,1,8,18435,618,89.49
Series 9,9,afgerond,22,Daniel Larsson,1,27,70725,2373,89.41
Series 9,9,afgerond,23,Thomas Banks,1,8,20337,684,89.2
Series 9,9,afgerond,24,Adam Mould,1,25,69933,2353,89.16
Series 9,9,afgerond,25,Ted Evetts,1,10,27466,925,89.08
Series 9,9,afgerond,26,Andy Davidson,1,17,42663,1437,89.07
Series 9,9,afgerond,27,Ricky King,1,12,33272,1121,89.04
Series 9,9,afgerond,28,Jack Tweddell,1,14,37891,1277,89.02
Series 9,9,afgerond,29,Marvin van Velzen,1,27,72995,2460,89.02
Series 9,9,afgerond,30,Andy Boulton,2,37,98126,3308,88.99
Series 9,9,afgerond,31,Reece Robinson,1,25,65226,2200,88.94
Series 9,9,afgerond,32,Johnny Haines,1,28,73677,2488,88.84
Series 9,9,afgerond,33,Shane McGuirk,1,11,33222,1122,88.83
Series 9,9,afgerond,34,John Henderson,1,19,50587,1709,88.8
Series 9,9,afgerond,35,Sebastian Bialecki,1,23,60190,2034,88.78
Series 9,9,afgerond,36,Justin Hood,1,8,21250,720,88.54
Series 9,9,afgerond,37,Richie Howson,1,13,34908,1186,88.3
Series 9,9,afgerond,38,Kai Gotthardt,2,37,106245,3616,88.15
Series 9,9,afgerond,39,Bradley Brooks,1,29,77193,2631,88.02
Series 9,9,afgerond,40,Colin Osborne,1,18,49899,1702,87.95
Series 9,9,afgerond,41,Stowe Buntz,1,18,46119,1574,87.9
Series 9,9,afgerond,42,Jenson Walker,1,10,30024,1026,87.79
Series 9,9,afgerond,43,Gemma Hayter,1,10,25567,875,87.66
Series 9,9,afgerond,44,Jamie Atkins,1,14,38847,1332,87.49
Series 9,9,afgerond,45,Paul Hogan,2,22,63569,2181,87.44
Series 9,9,afgerond,46,Dean Finn,1,28,79401,2725,87.41
Series 9,9,afgerond,47,Kevin Burness,1,8,21987,755,87.37
Series 9,9,afgerond,48,Romeo Grbavac,2,52,140440,4826,87.3
Series 9,9,afgerond,49,Carl Wilson,1,18,46876,1611,87.29
Series 9,9,afgerond,50,Neil Duff,2,39,107328,3692,87.21
Series 9,9,afgerond,51,David Davies,2,25,71800,2474,87.07
Series 9,9,afgerond,52,Mareno Michels,1,23,61902,2134,87.02
Series 9,9,afgerond,53,Noa-Lynn van Leuven,1,26,68856,2375,86.98
Series 9,9,afgerond,54,Justin Smith,1,26,65412,2257,86.95
Series 9,9,afgerond,55,Thomas Lovely,1,12,32809,1133,86.87
Series 9,9,afgerond,56,Carl Sneyd,1,17,47102,1628,86.8
Series 9,9,afgerond,57,Chris Gilliland,1,8,20159,697,86.77
Series 9,9,afgerond,58,Darren Armstrong,1,10,29721,1028,86.73
Series 9,9,afgerond,59,Adam Lipscombe,2,35,93089,3221,86.7
Series 9,9,afgerond,60,Sam Spivey,1,12,30367,1051,86.68
Series 9,9,afgerond,61,Jarred Cole,1,10,24980,866,86.54
Series 9,9,afgerond,62,Alec Small,1,10,26643,924,86.5
Series 9,9,afgerond,63,Devon Petersen,1,27,71028,2469,86.3
Series 9,9,afgerond,64,Steven Johnstone,1,23,63330,2202,86.28
Series 9,9,afgerond,65,Andy Hamilton,2,37,98491,3425,86.27
Series 9,9,afgerond,66,Conan Whitehead,1,28,72100,2508,86.24
Series 9,9,afgerond,67,Ashley Coleman,1,27,69638,2431,85.94
Series 9,9,afgerond,68,Adrian Gray,1,10,26864,938,85.92
Series 9,9,afgerond,69,Charlie Large,1,10,26392,922,85.87
Series 9,9,afgerond,70,John O&#039;Shea,1,26,69573,2431,85.86
Series 9,9,afgerond,71,Gary Stone,1,8,19650,687,85.81
Series 9,9,afgerond,72,Anton Ostlund,1,28,71466,2500,85.76
Series 9,9,afgerond,73,Chris Quantock,1,10,30594,1072,85.62
Series 9,9,afgerond,74,Jamie Owens,1,13,39653,1390,85.58
Series 9,9,afgerond,75,Danny Jansen,1,26,68054,2386,85.57
Series 9,9,afgerond,76,Mike Warburton,1,27,70908,2487,85.53
Series 9,9,afgerond,77,Paul Dulson,1,10,28497,1001,85.41
Series 9,9,afgerond,78,Joe Croft,1,12,31432,1105,85.34
Series 9,9,afgerond,79,Brian Raman,1,27,74668,2628,85.24
Series 9,9,afgerond,80,Richie Burnett,1,28,72766,2561,85.24
Series 9,9,afgerond,81,Timothy Verbrugghe,1,25,62086,2191,85.01
Series 9,9,afgerond,82,David Wawrzewski,1,10,27140,958,84.99
Series 9,9,afgerond,83,Mark Dudbridge,1,10,25296,896,84.7
Series 9,9,afgerond,84,Jamie Kelling,1,10,28168,998,84.67
Series 9,9,afgerond,85,Shaun McDonald,1,11,30847,1093,84.67
Series 9,9,afgerond,86,Jim McEwan,1,25,68044,2413,84.6
Series 9,9,afgerond,87,Jon Worsley,1,19,55599,1973,84.54
Series 9,9,afgerond,88,Bram Van Dijk,1,26,70593,2506,84.51
Series 9,9,afgerond,89,David Evans,1,25,64884,2307,84.37
Series 9,9,afgerond,90,Callum Francis,1,10,27576,981,84.33
Series 9,9,afgerond,91,Robert Thornton,2,36,98277,3500,84.24
Series 9,9,afgerond,92,Martin Thomas,1,12,33872,1207,84.19
Series 9,9,afgerond,93,Dan Astbury,1,25,69845,2489,84.18
Series 9,9,afgerond,94,Lee Cocks,1,8,23026,822,84.04
Series 9,9,afgerond,95,Aden Kirk,1,10,26505,949,83.79
Series 9,9,afgerond,96,Tom Lonsdale,1,23,65037,2330,83.74
Series 9,9,afgerond,97,Jeroen Caron,1,25,64913,2330,83.58
Series 9,9,afgerond,98,Kevin Mills,1,25,65657,2361,83.43
Series 9,9,afgerond,99,Ross Montgomery,1,27,72971,2627,83.33
Series 9,9,afgerond,100,Terry Nash,1,8,20579,741,83.32
Series 9,9,afgerond,101,Ciaran Teehan,1,8,19550,704,83.31
Series 9,9,afgerond,102,Steve West,2,35,89585,3228,83.26
Series 9,9,afgerond,103,Bradly Roes,1,25,70081,2526,83.23
Series 9,9,afgerond,104,Adam Paxton,1,25,65252,2352,83.23
Series 9,9,afgerond,105,Michael Huntley,1,10,24727,892,83.16
Series 9,9,afgerond,106,Joe Murnan,1,8,21425,774,83.04
Series 9,9,afgerond,107,Shane Hayward,1,8,21451,775,83.04
Series 9,9,afgerond,108,Steve Reynolds,1,23,53836,1949,82.87
Series 9,9,afgerond,109,Tavis Dudeney,1,10,23756,862,82.68
Series 9,9,afgerond,110,James Richardson,1,25,69362,2523,82.48
Series 9,9,afgerond,111,Charlie Martin,1,10,25869,942,82.39
Series 9,9,afgerond,112,Lloyd Walker,1,5,13038,475,82.35
Series 9,9,afgerond,113,James Welding,1,10,26608,970,82.29
Series 9,9,afgerond,114,Darren Barton,1,25,65574,2395,82.14
Series 9,9,afgerond,115,Johann Brouwer,1,25,62096,2269,82.1
Series 9,9,afgerond,116,Dan Nicholls,1,10,24530,897,82.04
Series 9,9,afgerond,117,Fallon Sherrock,1,25,64934,2375,82.02
Series 9,9,afgerond,118,Conor Heneghan,1,25,61246,2251,81.63
Series 9,9,afgerond,119,Mason Whitlock,1,8,21952,807,81.61
Series 9,9,afgerond,120,Killian McCormack,1,10,27215,1001,81.56
Series 9,9,afgerond,121,Martin Adams,1,8,17793,655,81.49
Series 9,9,afgerond,122,Scott Baker,1,13,33219,1223,81.49
Series 9,9,afgerond,123,Darren Johnson,1,10,27698,1022,81.31
Series 9,9,afgerond,124,Scott Marsh,1,10,20614,761,81.26
Series 9,9,afgerond,125,Jim Mayer,1,25,70119,2616,80.41
Series 9,9,afgerond,126,Niels van Zanten,1,25,60294,2251,80.36
Series 9,9,afgerond,127,Rob Collins,1,8,21157,790,80.34
Series 9,9,afgerond,128,James Hubbard,1,10,24463,914,80.29
Series 9,9,afgerond,129,Nick Crouwel,1,25,62531,2356,79.62
Series 9,9,afgerond,130,Antony Allen,1,10,26384,995,79.55
Series 9,9,afgerond,131,David Mayle,1,25,61129,2309,79.42
Series 9,9,afgerond,132,Bradley Coltman,1,25,56665,2144,79.29
Series 9,9,afgerond,133,Cedric Waegemans,1,25,62058,2360,78.89
Series 9,9,afgerond,134,Hilton Klein,1,25,58091,2225,78.32
Series 9,9,afgerond,135,John McCarthy,1,10,23110,892,77.72
Series 9,9,afgerond,136,Sean Holley,1,10,24732,969,76.57
Series 9,9,afgerond,137,Dennis van der Ende,1,25,62567,2457,76.39
Series 9,9,afgerond,138,Rhian O&#039;Sullivan,1,8,17184,696,74.07
Series 9,9,afgerond,139,Richard North,1,5,11796,480,73.72
Series 9,9,afgerond,140,Luke Smith,1,10,23939,977,73.51
Series 10,10,afgerond,1,Jim McEwan,1,10,26794,825,97.43
Series 10,10,afgerond,2,Derek Coulson,2,38,99403,3149,94.7
Series 10,10,afgerond,3,Jimmy Van Schie,1,19,50949,1647,92.8
Series 10,10,afgerond,4,Adam Sevada,1,27,73325,2372,92.74
Series 10,10,afgerond,5,Tom Sykes,1,26,71031,2305,92.45
Series 10,10,afgerond,6,Jack Tweddell,1,26,73029,2376,92.21
Series 10,10,afgerond,7,Chas Barstow,1,12,29566,962,92.2
Series 10,10,afgerond,8,Charlie Manby,1,12,31523,1031,91.73
Series 10,10,afgerond,9,Graham Hall,1,25,66758,2185,91.66
Series 10,10,afgerond,10,Andreas Harrysson,1,12,28378,935,91.05
Series 10,10,afgerond,11,Scott Campbell,2,30,78485,2591,90.87
Series 10,10,afgerond,12,Graham Usher,1,18,51460,1704,90.6
Series 10,10,afgerond,13,Shane McGuirk,2,35,89196,2969,90.13
Series 10,10,afgerond,14,Mervyn King,2,54,146861,4891,90.08
Series 10,10,afgerond,15,Richie Howson,1,17,45516,1519,89.89
Series 10,10,afgerond,16,Steve Beaton,1,27,70865,2378,89.4
Series 10,10,afgerond,17,Ryan Branley,1,10,27455,922,89.33
Series 10,10,afgerond,18,Gary Stone,1,17,42995,1445,89.26
Series 10,10,afgerond,19,Carl Sneyd,1,11,31980,1076,89.16
Series 10,10,afgerond,20,Jenson Walker,2,43,118278,3982,89.11
Series 10,10,afgerond,21,Brandon Weening,1,26,70227,2366,89.05
Series 10,10,afgerond,22,Johan Geldenhuys,1,23,60174,2039,88.53
Series 10,10,afgerond,23,Simon Whitlock,2,28,77373,2629,88.29
Series 10,10,afgerond,24,Jason Heaver,1,28,77432,2632,88.26
Series 10,10,afgerond,25,Sam Spivey,2,26,72864,2477,88.25
Series 10,10,afgerond,26,Kurt Parry,1,19,51408,1750,88.13
Series 10,10,afgerond,27,Henry Coates,1,13,33845,1153,88.06
Series 10,10,afgerond,28,Lewis Gurney,1,10,27413,934,88.05
Series 10,10,afgerond,29,Scott Taylor,1,25,66830,2279,87.97
Series 10,10,afgerond,30,Ted Evetts,1,26,71635,2443,87.97
Series 10,10,afgerond,31,Peter Jacques,1,10,24759,845,87.9
Series 10,10,afgerond,32,Danny van Trijp,1,27,75291,2570,87.89
Series 10,10,afgerond,33,David Davies,2,39,106937,3651,87.87
Series 10,10,afgerond,34,Andy Hamilton,1,25,70801,2421,87.73
Series 10,10,afgerond,35,Jamie Atkins,1,17,47819,1636,87.69
Series 10,10,afgerond,36,Reece Robinson,2,22,58810,2013,87.65
Series 10,10,afgerond,37,Adam Mould,1,14,37887,1298,87.57
Series 10,10,afgerond,38,Carl Wilson,1,13,34737,1191,87.5
Series 10,10,afgerond,39,Charlie Large,2,25,69003,2367,87.46
Series 10,10,afgerond,40,Tommy Morris,2,37,107187,3680,87.38
Series 10,10,afgerond,41,Christian Perez,1,18,48718,1673,87.36
Series 10,10,afgerond,42,David Evans,2,29,85492,2941,87.21
Series 10,10,afgerond,43,Conor Heneghan,1,26,69931,2416,86.83
Series 10,10,afgerond,44,Mike Warburton,1,25,69110,2389,86.79
Series 10,10,afgerond,45,Justin Smith,1,27,70794,2447,86.79
Series 10,10,afgerond,46,Johnny Haines,1,12,32101,1110,86.76
Series 10,10,afgerond,47,Alexander Masek,1,28,75499,2611,86.75
Series 10,10,afgerond,48,Jamie Kelling,1,10,28105,972,86.74
Series 10,10,afgerond,49,James Hubbard,1,10,29198,1010,86.73
Series 10,10,afgerond,50,Devon Petersen,2,35,92361,3196,86.7
Series 10,10,afgerond,51,Colin Osborne,1,18,52157,1805,86.69
Series 10,10,afgerond,52,James Wilson,1,10,25937,900,86.46
Series 10,10,afgerond,53,Martyn Turner,1,12,32198,1120,86.24
Series 10,10,afgerond,54,Kevin Burness,1,13,30633,1066,86.21
Series 10,10,afgerond,55,Alec Small,2,39,98054,3413,86.19
Series 10,10,afgerond,56,Jeremy Fagg,1,25,69841,2431,86.19
Series 10,10,afgerond,57,Tommy Lishman,1,13,36556,1273,86.15
Series 10,10,afgerond,58,Lorenzo Pronk,1,23,59476,2073,86.07
Series 10,10,afgerond,59,Paul Hogan,1,8,21714,758,85.94
Series 10,10,afgerond,60,Steve West,1,29,75886,2649,85.94
Series 10,10,afgerond,61,John Henderson,1,28,75938,2651,85.94
Series 10,10,afgerond,62,Mark Dudbridge,1,8,20035,700,85.86
Series 10,10,afgerond,63,Leonard Gates,1,25,70255,2464,85.54
Series 10,10,afgerond,64,Jarred Cole,2,39,99107,3477,85.51
Series 10,10,afgerond,65,Jamie Owens,1,10,27360,960,85.5
Series 10,10,afgerond,66,Richard McKee,1,13,39368,1383,85.4
Series 10,10,afgerond,67,Joe Croft,1,10,25228,887,85.33
Series 10,10,afgerond,68,Lee Cocks,1,23,63761,2245,85.2
Series 10,10,afgerond,69,Jamie Lewis,1,10,25871,911,85.2
Series 10,10,afgerond,70,Darren Brown,1,25,70084,2471,85.09
Series 10,10,afgerond,71,James Richardson,1,10,24902,878,85.09
Series 10,10,afgerond,72,Brian Raman,1,26,67275,2374,85.01
Series 10,10,afgerond,73,Richie Burnett,1,25,63984,2260,84.93
Series 10,10,afgerond,74,Neil Duff,1,18,47273,1672,84.82
Series 10,10,afgerond,75,Charlie Martin,1,11,30897,1093,84.8
Series 10,10,afgerond,76,Gemma Hayter,1,8,21631,767,84.61
Series 10,10,afgerond,77,Keegan Brown,1,25,65057,2308,84.56
Series 10,10,afgerond,78,Kevin Edwards,1,23,59799,2122,84.54
Series 10,10,afgerond,79,Noa-Lynn van Leuven,1,25,63335,2253,84.33
Series 10,10,afgerond,80,Conan Whitehead,2,28,76027,2705,84.32
Series 10,10,afgerond,81,Chris Quantock,1,23,57898,2060,84.32
Series 10,10,afgerond,82,Dan Astbury,1,12,32501,1157,84.27
Series 10,10,afgerond,83,Neil Meneer,1,13,35948,1280,84.25
Series 10,10,afgerond,84,Aaron Turner,1,12,30168,1077,84.03
Series 10,10,afgerond,85,Rene Eidams,1,25,65700,2347,83.98
Series 10,10,afgerond,86,David Pallett,1,8,21520,769,83.95
Series 10,10,afgerond,87,Barry Copeland,1,23,59531,2128,83.93
Series 10,10,afgerond,88,Adrian Gray,1,10,27493,983,83.91
Series 10,10,afgerond,89,Mike Gillet,1,8,22122,791,83.9
Series 10,10,afgerond,90,Carl Wilkinson,1,10,28542,1021,83.86
Series 10,10,afgerond,91,Jake Womack,1,8,21189,759,83.75
Series 10,10,afgerond,92,Romeo Grbavac,1,25,67104,2406,83.67
Series 10,10,afgerond,93,Jamie Hughes,1,11,28203,1012,83.61
Series 10,10,afgerond,94,Richard Rowlands,1,8,23282,836,83.55
Series 10,10,afgerond,95,David Wawrzewski,1,27,70822,2546,83.45
Series 10,10,afgerond,96,Paul Dulson,1,10,23421,842,83.45
Series 10,10,afgerond,97,Max De Jong,1,23,59301,2133,83.41
Series 10,10,afgerond,98,Steve Robertson,1,25,65748,2366,83.37
Series 10,10,afgerond,99,John O&#039;Shea,1,8,20871,752,83.26
Series 10,10,afgerond,100,Mark McGeeney,1,8,18250,658,83.21
Series 10,10,afgerond,101,Martin Thomas,1,10,26798,968,83.05
Series 10,10,afgerond,102,Michael Huntley,1,25,60541,2187,83.05
Series 10,10,afgerond,103,Dan Nicholls,1,10,26629,962,83.04
Series 10,10,afgerond,104,Scott Baker,1,8,21566,781,82.84
Series 10,10,afgerond,105,Ronan McDonagh,1,27,70764,2567,82.7
Series 10,10,afgerond,106,Robbie Long,1,25,64242,2332,82.64
Series 10,10,afgerond,107,Ricky King,1,10,23760,863,82.6
Series 10,10,afgerond,108,Joe Murnan,1,8,20616,749,82.57
Series 10,10,afgerond,109,Martin Adams,1,8,19856,724,82.28
Series 10,10,afgerond,110,Gary Mawson,1,8,20263,739,82.26
Series 10,10,afgerond,111,Reece Colley,1,23,58291,2129,82.14
Series 10,10,afgerond,112,Ashley Coleman,1,8,18328,670,82.07
Series 10,10,afgerond,113,Ross Montgomery,1,10,23943,878,81.81
Series 10,10,afgerond,114,Tom Lonsdale,1,10,25276,931,81.45
Series 10,10,afgerond,115,Lukasz Waclawski,1,25,64292,2371,81.35
Series 10,10,afgerond,116,Patrick Dekker,1,25,62482,2312,81.08
Series 10,10,afgerond,117,Kelvin O&#039;Keefe,1,8,20371,754,81.05
Series 10,10,afgerond,118,Arne Spee,1,25,63113,2340,80.91
Series 10,10,afgerond,119,Andy Davidson,1,10,26445,982,80.79
Series 10,10,afgerond,120,Antony Allen,1,25,67169,2499,80.64
Series 10,10,afgerond,121,Rob Collins,1,10,24526,916,80.33
Series 10,10,afgerond,122,Peter Wachiuri,1,29,77007,2877,80.3
Series 10,10,afgerond,123,Jon Worsley,1,23,57564,2160,79.95
Series 10,10,afgerond,124,Ultan McDyer,1,25,66556,2508,79.61
Series 10,10,afgerond,125,Niall Culleton,1,10,26951,1016,79.58
Series 10,10,afgerond,126,David Williams,1,10,21912,828,79.39
Series 10,10,afgerond,127,Lloyd Walker,1,10,29060,1099,79.33
Series 10,10,afgerond,128,Andreas Nikolaou,1,25,60836,2311,78.97
Series 10,10,afgerond,129,Martin Biggs,1,25,56771,2180,78.13
Series 10,10,afgerond,130,Brandon Walsh,1,10,24489,945,77.74
Series 10,10,afgerond,131,Karl Coleman,1,10,24432,947,77.4
Series 10,10,afgerond,132,Steve de Buck,1,25,58478,2285,76.78
Series 10,10,afgerond,133,Bradly Roes,1,25,53191,2080,76.72
Series 10,10,afgerond,134,Mason Whitlock,1,10,25083,982,76.63
Series 10,10,afgerond,135,Jonathan Platt,1,10,27247,1072,76.25
Series 10,10,afgerond,136,Rick Hessing,1,25,58315,2401,72.86
Series 10,10,afgerond,137,Andy McDermott,1,25,61346,2530,72.74
Series 10,10,afgerond,138,Donny Scheurwater,1,25,56141,2318,72.66
Series 10,10,afgerond,139,Darnell McCrory,1,10,22450,932,72.26
Series 10,10,afgerond,140,Luke Smith,1,10,22724,945,72.14
Series 10,10,afgerond,141,Ektoras Stylianou,1,25,47817,2072,69.23
Series 11,11,afgerond,1,Beau Greaves,1,10,27615,868,95.44
Series 11,11,afgerond,2,Jamie Lewis,1,8,20290,654,93.07
Series 11,11,afgerond,3,Derek Coulson,2,42,117636,3808,92.68
Series 11,11,afgerond,4,David Pallett,1,13,33644,1096,92.09
Series 11,11,afgerond,5,Steve Beaton,1,19,52184,1701,92.04
Series 11,11,afgerond,6,Boris Krcmar,1,18,47402,1554,91.51
Series 11,11,afgerond,7,Raymond Smith,1,17,45143,1480,91.51
Series 11,11,afgerond,8,Charlie Manby,1,27,74014,2427,91.49
Series 11,11,afgerond,9,Andreas Harrysson,1,27,71477,2348,91.32
Series 11,11,afgerond,10,Tom Sykes,1,17,45387,1497,90.96
Series 11,11,afgerond,11,Jimmy Van Schie,2,56,150755,4982,90.78
Series 11,11,afgerond,12,David Evans,1,26,71170,2356,90.62
Series 11,11,afgerond,13,Shane McGuirk,2,37,93059,3083,90.55
Series 11,11,afgerond,14,Conor Heneghan,1,10,25212,837,90.37
Series 11,11,afgerond,15,Jurjen van der Velde,2,53,143259,4790,89.72
Series 11,11,afgerond,16,Graham Usher,2,45,122647,4104,89.65
Series 11,11,afgerond,17,Carl Wilson,1,10,28081,941,89.52
Series 11,11,afgerond,18,Graham Hall,1,26,69791,2342,89.4
Series 11,11,afgerond,19,Kurt Parry,1,29,76716,2575,89.38
Series 11,11,afgerond,20,Neil Duff,1,17,48382,1626,89.27
Series 11,11,afgerond,21,Jeff Smith,2,31,89187,3005,89.04
Series 11,11,afgerond,22,Reece Robinson,1,19,49879,1686,88.75
Series 11,11,afgerond,23,Ryan Branley,1,27,79240,2679,88.73
Series 11,11,afgerond,24,Adam Gawlas,2,37,100477,3398,88.71
Series 11,11,afgerond,25,Jamai Van Den Herik,1,18,49518,1675,88.69
Series 11,11,afgerond,26,Jamie Atkins,1,11,31111,1057,88.3
Series 11,11,afgerond,27,Jamie Durrant,1,10,26762,910,88.23
Series 11,11,afgerond,28,Sam Spivey,1,23,65544,2229,88.22
Series 11,11,afgerond,29,Tommy Lishman,1,11,28642,974,88.22
Series 11,11,afgerond,30,Colin Osborne,1,23,58562,1996,88.02
Series 11,11,afgerond,31,Jason Heaver,1,11,29509,1007,87.91
Series 11,11,afgerond,32,Kevin Edwards,1,8,21070,719,87.91
Series 11,11,afgerond,33,Jamie Hughes,1,25,66660,2277,87.83
Series 11,11,afgerond,34,Richie Howson,1,25,67451,2313,87.49
Series 11,11,afgerond,35,John O&#039;Shea,2,20,49323,1693,87.4
Series 11,11,afgerond,36,Mervyn King,1,23,60786,2088,87.34
Series 11,11,afgerond,37,Danny van Trijp,2,37,100724,3461,87.31
Series 11,11,afgerond,38,Andy Hamilton,2,41,107793,3709,87.19
Series 11,11,afgerond,39,Scott Taylor,2,37,97898,3369,87.18
Series 11,11,afgerond,40,Steven Johnstone,1,17,44955,1549,87.07
Series 11,11,afgerond,41,Lee Evans,1,27,71196,2454,87.04
Series 11,11,afgerond,42,Mike Warburton,1,11,28430,980,87.03
Series 11,11,afgerond,43,Jim McEwan,1,10,26712,921,87.01
Series 11,11,afgerond,44,Jack Tweddell,1,25,66044,2279,86.94
Series 11,11,afgerond,45,Steve West,1,26,71104,2468,86.43
Series 11,11,afgerond,46,Danny Ayres,1,14,39834,1385,86.28
Series 11,11,afgerond,47,Henry Coates,1,8,20996,730,86.28
Series 11,11,afgerond,48,Alec Small,1,26,68902,2397,86.24
Series 11,11,afgerond,49,Jamie Kelling,1,13,33918,1180,86.23
Series 11,11,afgerond,50,Darryl Fitton,1,8,21248,741,86.02
Series 11,11,afgerond,51,Carl Wilkinson,1,14,35698,1246,85.95
Series 11,11,afgerond,52,Jon Worsley,1,25,65598,2290,85.94
Series 11,11,afgerond,53,Jamie Owens,1,8,20463,715,85.86
Series 11,11,afgerond,54,Jenson Walker,1,23,58058,2030,85.8
Series 11,11,afgerond,55,Martin Thomas,1,11,30769,1076,85.79
Series 11,11,afgerond,56,Jarred Cole,1,28,75669,2649,85.7
Series 11,11,afgerond,57,Carl Sneyd,1,19,53244,1864,85.69
Series 11,11,afgerond,58,Oliver King,1,13,32583,1142,85.59
Series 11,11,afgerond,59,Adam Smith-Neale,1,10,23281,816,85.59
Series 11,11,afgerond,60,Scott Campbell,1,26,70427,2469,85.57
Series 11,11,afgerond,61,Chas Barstow,1,23,59471,2085,85.57
Series 11,11,afgerond,62,Adam Mould,1,8,20477,718,85.56
Series 11,11,afgerond,63,Gary Stone,1,10,28001,983,85.46
Series 11,11,afgerond,64,Lewis Gurney,1,8,22810,801,85.43
Series 11,11,afgerond,65,Reece Colley,1,10,23560,830,85.16
Series 11,11,afgerond,66,Tommy Morris,2,37,99183,3496,85.11
Series 11,11,afgerond,67,Martyn Turner,1,25,70375,2491,84.76
Series 11,11,afgerond,68,David Davies,1,28,75437,2671,84.73
Series 11,11,afgerond,69,Lloyd Walker,1,10,27618,978,84.72
Series 11,11,afgerond,70,Keegan Brown,1,27,70988,2514,84.71
Series 11,11,afgerond,71,Ronan McDonagh,1,28,76813,2721,84.69
Series 11,11,afgerond,72,Cameron Carolissen,1,26,70729,2506,84.67
Series 11,11,afgerond,73,Jonny Barnes,1,25,63757,2260,84.63
Series 11,11,afgerond,74,Brandon Walsh,1,10,28805,1024,84.39
Series 11,11,afgerond,75,Johnny Haines,1,12,31357,1115,84.37
Series 11,11,afgerond,76,Richard McKee,2,24,64688,2301,84.34
Series 11,11,afgerond,77,David Sharp,1,12,32487,1156,84.31
Series 11,11,afgerond,78,Joe Croft,1,23,60030,2138,84.23
Series 11,11,afgerond,79,Danny Jansen,1,25,63962,2283,84.05
Series 11,11,afgerond,80,Adrian Gray,1,25,64740,2312,84.01
Series 11,11,afgerond,81,Tom Cromwell,1,14,36993,1321,84.01
Series 11,11,afgerond,82,James Hubbard,1,11,27603,986,83.98
Series 11,11,afgerond,83,Conan Whitehead,1,28,71515,2555,83.97
Series 11,11,afgerond,84,Chris Quantock,1,8,22493,806,83.72
Series 11,11,afgerond,85,Ricardo Ham,1,25,63194,2269,83.55
Series 11,11,afgerond,86,Kelvin O&#039;Keefe,1,10,27678,995,83.45
Series 11,11,afgerond,87,Lee Cocks,1,8,21218,764,83.32
Series 11,11,afgerond,88,Kevin Burness,1,17,44449,1602,83.24
Series 11,11,afgerond,89,Paul Hogan,1,8,19891,717,83.23
Series 11,11,afgerond,90,Ashley Coleman,1,10,28645,1033,83.19
Series 11,11,afgerond,91,Brian Raman,1,29,74677,2694,83.16
Series 11,11,afgerond,92,Bradly Roes,1,28,74182,2677,83.13
Series 11,11,afgerond,93,Dan Hands,1,25,69659,2519,82.96
Series 11,11,afgerond,94,Justin Smith,1,11,29171,1056,82.87
Series 11,11,afgerond,95,Dustin Straver,1,25,62151,2254,82.72
Series 11,11,afgerond,96,David Fatum,1,23,60015,2183,82.48
Series 11,11,afgerond,97,Ricardo Ulrich,1,25,68968,2512,82.37
Series 11,11,afgerond,98,Aaron Turner,1,10,25016,913,82.2
Series 11,11,afgerond,99,Michael Huntley,1,13,34512,1261,82.11
Series 11,11,afgerond,100,Steven Plumstead,1,10,24978,913,82.07
Series 11,11,afgerond,101,Steve Hine,1,8,20940,767,81.9
Series 11,11,afgerond,102,Peter Wachiuri,1,25,65754,2410,81.85
Series 11,11,afgerond,103,David Wawrzewski,1,8,20436,749,81.85
Series 11,11,afgerond,104,Tonni Sorensen,1,25,69889,2563,81.81
Series 11,11,afgerond,105,Dean Finn,1,14,38273,1405,81.72
Series 11,11,afgerond,106,Mike Gillet,1,10,26831,986,81.64
Series 11,11,afgerond,107,Dan Astbury,1,25,69821,2566,81.63
Series 11,11,afgerond,108,Richie Burnett,1,23,62941,2316,81.53
Series 11,11,afgerond,109,Scott Baker,1,12,33032,1217,81.43
Series 11,11,afgerond,110,Barry Copeland,1,10,28194,1039,81.41
Series 11,11,afgerond,111,Lorenzo Pronk,1,25,66393,2453,81.2
Series 11,11,afgerond,112,James Richardson,1,10,28331,1049,81.02
Series 11,11,afgerond,113,Robbie Long,1,10,25615,949,80.97
Series 11,11,afgerond,114,Gemma Hayter,1,10,27744,1030,80.81
Series 11,11,afgerond,115,Mark McGeeney,1,10,25914,964,80.65
Series 11,11,afgerond,116,Darren Brown,1,10,24383,909,80.47
Series 11,11,afgerond,117,Wes Newton,1,10,24226,905,80.31
Series 11,11,afgerond,118,Robert Thornton,1,8,21351,798,80.27
Series 11,11,afgerond,119,Ciaran Teehan,1,12,32337,1211,80.11
Series 11,11,afgerond,120,Ivan Springborg Poulsen,1,25,68259,2565,79.84
Series 11,11,afgerond,121,Graham Jenkins,1,25,67529,2542,79.7
Series 11,11,afgerond,122,Kevin Painter,1,8,20969,790,79.63
Series 11,11,afgerond,123,Mason Whitlock,1,10,25135,949,79.46
Series 11,11,afgerond,124,Devon Petersen,1,25,68219,2579,79.36
Series 11,11,afgerond,125,Ollie Howard,1,10,23428,886,79.33
Series 11,11,afgerond,126,Jonathan Platt,1,10,27104,1026,79.25
Series 11,11,afgerond,127,Darren Johnson,1,10,29975,1135,79.23
Series 11,11,afgerond,128,Rohan Brouwers,1,25,61608,2350,78.65
Series 11,11,afgerond,129,Alex Williams,1,10,26669,1021,78.36
Series 11,11,afgerond,130,Kevin Lankhuizen,1,25,64158,2473,77.83
Series 11,11,afgerond,131,Charlie Martin,1,8,22005,849,77.76
Series 11,11,afgerond,132,Will Beaden,1,25,63830,2464,77.72
Series 11,11,afgerond,133,Ky Smith,1,10,26552,1030,77.34
Series 11,11,afgerond,134,Kent Sivertsen,1,25,61032,2382,76.87
Series 11,11,afgerond,135,Karl Coleman,1,8,18347,719,76.55
Series 11,11,afgerond,136,Pim Van Bijnen,1,25,60707,2455,74.18
Series 11,11,afgerond,137,Scott Bannerman,1,10,26797,1092,73.62
Series 11,11,afgerond,138,Par Riihonen,1,25,58551,2394,73.37
Series 11,11,afgerond,139,Niels Heinsoe,1,25,63108,2601,72.79
Series 11,11,afgerond,140,Thomas Banks,1,25,57102,2405,71.23
Series 11,11,afgerond,141,Joe Bridle,1,10,23488,994,70.89
Series 11,11,afgerond,142,Richie Edwards,1,10,17589,762,69.25
Series 11,11,afgerond,143,Simon Wilkinson,1,10,24776,1077,69.01
Series 12,12,afgerond,1,Derek Coulson,2,45,123812,3935,94.39
Series 12,12,afgerond,2,Jeffrey de Zwaan,1,18,48088,1544,93.44
Series 12,12,afgerond,3,Boris Krcmar,1,19,49986,1626,92.23
Series 12,12,afgerond,4,Adam Leek,1,5,13632,445,91.9
Series 12,12,afgerond,5,Jamie Hughes,1,11,28026,916,91.79
Series 12,12,afgerond,6,Tom Sykes,2,54,145475,4756,91.76
Series 12,12,afgerond,7,Kevin Burness,1,10,26977,894,90.53
Series 12,12,afgerond,8,Tyler Thorpe,1,13,31169,1034,90.43
Series 12,12,afgerond,9,Charlie Manby,3,59,160237,5333,90.14
Series 12,12,afgerond,10,Daniel Larsson,1,26,68072,2273,89.84
Series 12,12,afgerond,11,David Pallett,2,26,71185,2378,89.8
Series 12,12,afgerond,12,Gary Stone,1,10,24683,825,89.76
Series 12,12,afgerond,13,Jimmy Van Schie,1,19,50227,1682,89.58
Series 12,12,afgerond,14,Mervyn King,1,17,42879,1447,88.9
Series 12,12,afgerond,15,Henry Coates,1,12,33659,1139,88.65
Series 12,12,afgerond,16,Jurjen van der Velde,1,27,70060,2375,88.5
Series 12,12,afgerond,17,Ronan McDonagh,1,11,30848,1047,88.39
Series 12,12,afgerond,18,Reece Robinson,1,25,64172,2178,88.39
Series 12,12,afgerond,19,Danny Ayres,1,18,53163,1805,88.36
Series 12,12,afgerond,20,Lewis Gurney,1,11,29456,1003,88.1
Series 12,12,afgerond,21,Mark McGeeney,1,12,29717,1012,88.09
Series 12,12,afgerond,22,Alex Williams,1,12,34722,1183,88.05
Series 12,12,afgerond,23,Johnny Haines,1,14,40621,1385,87.99
Series 12,12,afgerond,24,Lee Cocks,1,11,31548,1077,87.88
Series 12,12,afgerond,25,Martin Thomas,1,12,35298,1206,87.81
Series 12,12,afgerond,26,Fallon Sherrock,1,8,19718,674,87.77
Series 12,12,afgerond,27,Scott Robertson,1,23,61715,2111,87.7
Series 12,12,afgerond,28,Keegan Brown,2,37,97399,3332,87.69
Series 12,12,afgerond,29,John Henderson,1,11,29776,1019,87.66
Series 12,12,afgerond,30,Paul Hogan,1,11,29249,1001,87.66
Series 12,12,afgerond,31,Oliver King,1,10,27319,936,87.56
Series 12,12,afgerond,32,Joe Croft,1,17,47243,1621,87.43
Series 12,12,afgerond,33,Jenson Walker,2,35,91253,3133,87.38
Series 12,12,afgerond,34,Archie Self,1,27,71655,2463,87.28
Series 12,12,afgerond,35,David Evans,2,37,99114,3407,87.27
Series 12,12,afgerond,36,Kurt Parry,1,10,27998,963,87.22
Series 12,12,afgerond,37,Jeff Smith,1,29,80358,2765,87.19
Series 12,12,afgerond,38,Andy Hamilton,1,11,26177,901,87.16
Series 12,12,afgerond,39,Jamai Van Den Herik,1,23,63246,2180,87.04
Series 12,12,afgerond,40,Graham Usher,1,18,48721,1680,87.0
Series 12,12,afgerond,41,Johan Geldenhuys,1,23,64378,2220,87.0
Series 12,12,afgerond,42,Graham Hall,1,25,65582,2267,86.79
Series 12,12,afgerond,43,Tomoya Goto,1,24,63540,2197,86.76
Series 12,12,afgerond,44,Jeroen Caron,1,25,67007,2318,86.72
Series 12,12,afgerond,45,Brian Raman,1,27,73775,2554,86.66
Series 12,12,afgerond,46,Jim Mayer,1,26,72910,2525,86.63
Series 12,12,afgerond,47,Dean Gallagher,1,25,65079,2254,86.62
Series 12,12,afgerond,48,Neil Duff,2,38,99126,3437,86.52
Series 12,12,afgerond,49,Gemma Hayter,1,10,27202,944,86.45
Series 12,12,afgerond,50,Jim McEwan,1,28,75296,2615,86.38
Series 12,12,afgerond,51,Nathan Potter,1,12,34600,1202,86.36
Series 12,12,afgerond,52,Carl Wilson,1,13,34775,1208,86.36
Series 12,12,afgerond,53,Danny van Trijp,1,24,62653,2182,86.14
Series 12,12,afgerond,54,Matthew Edgar,1,8,20179,703,86.11
Series 12,12,afgerond,55,Jamie Owens,2,35,97443,3398,86.03
Series 12,12,afgerond,56,Jason Brandon,1,27,74359,2596,85.93
Series 12,12,afgerond,57,Jack Tweddell,1,25,66883,2339,85.78
Series 12,12,afgerond,58,Dan Hands,1,12,33124,1159,85.74
Series 12,12,afgerond,59,Carl Sneyd,1,8,21664,758,85.74
Series 12,12,afgerond,60,Conan Whitehead,1,10,26862,942,85.55
Series 12,12,afgerond,61,Ashley Coleman,1,14,38937,1367,85.45
Series 12,12,afgerond,62,Sam Spivey,1,11,29128,1023,85.42
Series 12,12,afgerond,63,Dean Finn,2,37,96900,3405,85.37
Series 12,12,afgerond,64,Carl Wilkinson,2,24,70475,2478,85.32
Series 12,12,afgerond,65,Mark Dudbridge,1,12,31198,1097,85.32
Series 12,12,afgerond,66,Tommy Morris,1,8,20888,735,85.26
Series 12,12,afgerond,67,Steve Beaton,1,10,28589,1007,85.17
Series 12,12,afgerond,68,Alec Small,2,37,105288,3721,84.89
Series 12,12,afgerond,69,Richie Howson,1,18,45486,1610,84.76
Series 12,12,afgerond,70,Steve West,2,31,80857,2863,84.73
Series 12,12,afgerond,71,Jason Heaver,1,25,70094,2488,84.52
Series 12,12,afgerond,72,Martyn Turner,1,13,33148,1178,84.42
Series 12,12,afgerond,73,Harry Ward,1,11,31828,1132,84.35
Series 12,12,afgerond,74,Johan Engstrom,1,25,66699,2375,84.25
Series 12,12,afgerond,75,Jamie Atkins,1,23,60044,2139,84.21
Series 12,12,afgerond,76,Chas Barstow,1,8,20450,729,84.16
Series 12,12,afgerond,77,Mike Warburton,1,8,22530,804,84.07
Series 12,12,afgerond,78,Colin Osborne,1,23,60472,2158,84.07
Series 12,12,afgerond,79,Steve Green,1,17,46967,1676,84.07
Series 12,12,afgerond,80,Scott Campbell,1,29,79131,2824,84.06
Series 12,12,afgerond,81,Peter Jacques,1,13,35756,1277,84.0
Series 12,12,afgerond,82,Jamie Kelling,1,23,61857,2210,83.97
Series 12,12,afgerond,83,Conor Heneghan,1,23,62005,2217,83.9
Series 12,12,afgerond,84,Marcel Otter,1,25,68980,2469,83.82
Series 12,12,afgerond,85,Barry Copeland,1,7,17678,633,83.78
Series 12,12,afgerond,86,John O&#039;Shea,1,25,71340,2558,83.67
Series 12,12,afgerond,87,Tom Cromwell,1,11,27912,1001,83.65
Series 12,12,afgerond,88,Robbie Martin,1,12,28569,1025,83.62
Series 12,12,afgerond,89,Rene Eidams,1,25,65130,2338,83.57
Series 12,12,afgerond,90,Tommy Lishman,1,11,29532,1061,83.5
Series 12,12,afgerond,91,Gary Hayes,1,25,67416,2427,83.33
Series 12,12,afgerond,92,Steven Johnstone,1,25,66199,2386,83.23
Series 12,12,afgerond,93,James Welding,1,10,26998,974,83.16
Series 12,12,afgerond,94,Terry Nash,1,10,27397,992,82.85
Series 12,12,afgerond,95,Michael Huntley,1,13,33709,1223,82.69
Series 12,12,afgerond,96,David Wawrzewski,1,10,27326,992,82.64
Series 12,12,afgerond,97,Rowby-John Rodriguez,1,18,47713,1734,82.55
Series 12,12,afgerond,98,Adrian Gray,1,8,21269,774,82.44
Series 12,12,afgerond,99,Joshua Burksfield,1,10,29523,1077,82.24
Series 12,12,afgerond,100,David Sharp,1,10,26797,978,82.2
Series 12,12,afgerond,101,Jamie Durrant,1,8,22631,827,82.1
Series 12,12,afgerond,102,Alexander Masek,1,25,65782,2405,82.06
Series 12,12,afgerond,103,Nicolas Thuillier,1,25,67436,2467,82.01
Series 12,12,afgerond,104,Alex Spellman,1,23,60688,2222,81.94
Series 12,12,afgerond,105,Patrick Klingelhofer,1,17,50408,1848,81.83
Series 12,12,afgerond,106,Scott Taylor,1,23,60823,2234,81.68
Series 12,12,afgerond,107,Damien Grimes,1,25,61920,2275,81.65
Series 12,12,afgerond,108,Reece Colley,1,10,27020,993,81.63
Series 12,12,afgerond,109,James Hubbard,1,10,26931,990,81.61
Series 12,12,afgerond,110,Richie Burnett,1,10,25304,932,81.45
Series 12,12,afgerond,111,Robert Thornton,2,37,99576,3676,81.26
Series 12,12,afgerond,112,Jarred Cole,1,8,18244,674,81.2
Series 12,12,afgerond,113,Justin Smith,1,26,72755,2689,81.17
Series 12,12,afgerond,114,Carl Gabriel,1,25,68990,2558,80.91
Series 12,12,afgerond,115,Mike Gillet,1,8,19357,719,80.77
Series 12,12,afgerond,116,Scott Baker,1,10,26863,998,80.75
Series 12,12,afgerond,117,Richard Rowlands,1,10,23810,887,80.53
Series 12,12,afgerond,118,Joe Murnan,1,14,37334,1394,80.35
Series 12,12,afgerond,119,Charlie Martin,1,25,64316,2413,79.96
Series 12,12,afgerond,120,Adam Mould,1,8,19052,715,79.94
Series 12,12,afgerond,121,Gary Mawson,1,25,62606,2351,79.89
Series 12,12,afgerond,122,David Airey,1,25,65685,2474,79.65
Series 12,12,afgerond,123,Stijn Deklerck,1,18,48899,1850,79.3
Series 12,12,afgerond,124,Devon Petersen,1,25,64387,2446,78.97
Series 12,12,afgerond,125,Kevin Painter,1,8,18046,686,78.92
Series 12,12,afgerond,126,Aaron Gill,1,10,24237,923,78.78
Series 12,12,afgerond,127,Manpreet Kalsi,1,25,69656,2656,78.68
Series 12,12,afgerond,128,George Monios,1,27,70129,2680,78.5
Series 12,12,afgerond,129,Jasper Scarrott,1,25,67419,2586,78.21
Series 12,12,afgerond,130,Steven Plumstead,1,8,18036,692,78.19
Series 12,12,afgerond,131,Adam Winspear,1,10,22603,871,77.85
Series 12,12,afgerond,132,Richard McKee,1,10,28000,1081,77.71
Series 12,12,afgerond,133,Thomas Banks,1,25,60519,2339,77.62
Series 12,12,afgerond,134,Damian Palaszewski,1,25,67503,2612,77.53
Series 12,12,afgerond,135,Michael Hansen,1,25,64215,2490,77.37
Series 12,12,afgerond,136,Jake Jones,1,25,61613,2399,77.05
Series 12,12,afgerond,137,Jonathan Platt,1,10,25492,995,76.86
Series 12,12,afgerond,138,Jamie Lewis,1,10,27204,1063,76.78
Series 12,12,afgerond,139,Zereso Zeverboom,1,25,62182,2443,76.36
Series 12,12,afgerond,140,Janis Pinka,1,25,55400,2266,73.35
Series 12,12,afgerond,141,Bradley O&#039;Connor,1,25,58993,2418,73.19
Series 12,12,afgerond,142,Trina Gulliver,1,9,20494,841,73.11
Series 13,13,afgerond,1,Derek Coulson,2,36,93657,2985,94.13
Series 13,13,afgerond,2,Jack Aldridge,1,10,25922,828,93.92
Series 13,13,afgerond,3,Tommy Morris,1,19,52295,1700,92.29
Series 13,13,afgerond,4,Simon Stevenson,2,39,101720,3309,92.22
Series 13,13,afgerond,5,Scott Robertson,1,10,25854,842,92.12
Series 13,13,afgerond,6,Keegan Brown,1,10,27394,893,92.03
Series 13,13,afgerond,7,Chas Barstow,2,37,99787,3268,91.6
Series 13,13,afgerond,8,Ron Meulenkamp,1,18,48622,1600,91.17
Series 13,13,afgerond,9,Danny Ayres,1,13,35267,1161,91.13
Series 13,13,afgerond,10,Ben Robb,1,19,50791,1675,90.97
Series 13,13,afgerond,11,Robbie Martin,1,27,70076,2322,90.54
Series 13,13,afgerond,12,Jack Drayton,2,46,123006,4091,90.2
Series 13,13,afgerond,13,Ciaran Forde,1,12,34023,1135,89.93
Series 13,13,afgerond,14,Patrik Williams,1,17,44052,1473,89.72
Series 13,13,afgerond,15,Alex Williams,1,14,33192,1111,89.63
Series 13,13,afgerond,16,Nathan Potter,2,44,116610,3909,89.49
Series 13,13,afgerond,17,Jarred Cole,1,13,34362,1153,89.41
Series 13,13,afgerond,18,Matt Dennant,1,13,33204,1115,89.34
Series 13,13,afgerond,19,Ryan Branley,1,8,22544,757,89.34
Series 13,13,afgerond,20,Jonny Barnes,1,8,22099,743,89.23
Series 13,13,afgerond,21,Lee Evans,1,26,66396,2234,89.16
Series 13,13,afgerond,22,Steve Beaton,1,8,20944,705,89.12
Series 13,13,afgerond,23,Carl Wilson,1,12,34567,1164,89.09
Series 13,13,afgerond,24,Lee Cocks,1,11,28602,964,89.01
Series 13,13,afgerond,25,Rob Grundy,1,26,71018,2396,88.92
Series 13,13,afgerond,26,Graham Usher,1,25,65641,2217,88.82
Series 13,13,afgerond,27,Joe Croft,1,8,20566,695,88.77
Series 13,13,afgerond,28,Steve West,1,26,72028,2436,88.7
Series 13,13,afgerond,29,Radek Szaganski,2,40,111323,3772,88.54
Series 13,13,afgerond,30,Jim McEwan,1,8,18535,631,88.12
Series 13,13,afgerond,31,Jamai Van Den Herik,2,35,92408,3149,88.04
Series 13,13,afgerond,32,Neil Duff,2,38,103241,3519,88.01
Series 13,13,afgerond,33,Jamie Lewis,1,14,37670,1287,87.81
Series 13,13,afgerond,34,Dylan Slevin,1,26,70138,2398,87.75
Series 13,13,afgerond,35,Henry Coates,1,27,66784,2284,87.72
Series 13,13,afgerond,36,Graham Hall,2,44,114631,3922,87.68
Series 13,13,afgerond,37,Colin Osborne,1,11,33603,1151,87.58
Series 13,13,afgerond,38,Andy Baetens,1,23,59657,2044,87.56
Series 13,13,afgerond,39,Carl Wilkinson,1,25,70278,2412,87.41
Series 13,13,afgerond,40,Jenson Walker,1,26,71753,2463,87.4
Series 13,13,afgerond,41,Jose Justicia,1,23,65689,2261,87.16
Series 13,13,afgerond,42,Adrian Gray,1,14,39597,1365,87.03
Series 13,13,afgerond,43,Adam Mould,1,18,44277,1527,86.99
Series 13,13,afgerond,44,Willie Borland,2,29,79462,2741,86.97
Series 13,13,afgerond,45,Jamie Owens,1,26,67489,2328,86.97
Series 13,13,afgerond,46,Andy Hamilton,1,8,19875,686,86.92
Series 13,13,afgerond,47,Reece Robinson,1,12,29685,1027,86.71
Series 13,13,afgerond,48,Gary Stone,1,8,18759,649,86.71
Series 13,13,afgerond,49,Alex Spellman,1,18,47271,1637,86.63
Series 13,13,afgerond,50,Adam Hunt,1,25,65503,2269,86.61
Series 13,13,afgerond,51,Danny Trueman,1,4,10266,356,86.51
Series 13,13,afgerond,52,Terry Nash,1,13,36773,1277,86.39
Series 13,13,afgerond,53,David Evans,1,25,62346,2166,86.35
Series 13,13,afgerond,54,Jamie Hughes,1,25,64559,2243,86.35
Series 13,13,afgerond,55,Joe Hunt,1,28,70297,2450,86.08
Series 13,13,afgerond,56,Harry Ward,1,10,27762,968,86.04
Series 13,13,afgerond,57,Steve Green,2,28,77861,2715,86.03
Series 13,13,afgerond,58,Mike Warburton,1,10,28907,1009,85.95
Series 13,13,afgerond,59,Kevin Burness,1,8,21112,737,85.94
Series 13,13,afgerond,60,Steve Lennon,1,23,61503,2149,85.86
Series 13,13,afgerond,61,Simon Whitlock,1,25,67110,2346,85.82
Series 13,13,afgerond,62,Conor Heneghan,1,8,17890,626,85.73
Series 13,13,afgerond,63,Richard McKee,1,12,32386,1134,85.68
Series 13,13,afgerond,64,Jamie Atkins,1,28,73530,2581,85.47
Series 13,13,afgerond,65,Sam Spivey,1,10,28190,990,85.42
Series 13,13,afgerond,66,Richie Howson,2,31,82232,2889,85.39
Series 13,13,afgerond,67,Scott Mitchell,1,25,69757,2456,85.21
Series 13,13,afgerond,68,Scott Taylor,2,22,56141,1979,85.11
Series 13,13,afgerond,69,James Buckby,1,12,31080,1096,85.07
Series 13,13,afgerond,70,Paul Hogan,1,10,28296,998,85.06
Series 13,13,afgerond,71,Ashley Coleman,1,12,32578,1149,85.06
Series 13,13,afgerond,72,Tom Lonsdale,1,12,30815,1087,85.05
Series 13,13,afgerond,73,Michael Huntley,1,10,26889,949,85.0
Series 13,13,afgerond,74,Timothy Verbrugghe,1,25,67264,2377,84.89
Series 13,13,afgerond,75,Jelle Klaasen,1,4,10579,374,84.86
Series 13,13,afgerond,76,George Killington,2,21,53390,1888,84.84
Series 13,13,afgerond,77,Keanu Van Velzen,2,37,95899,3395,84.74
Series 13,13,afgerond,78,Joe Murnan,1,10,25291,897,84.59
Series 13,13,afgerond,79,Matt Clark,1,25,66085,2344,84.58
Series 13,13,afgerond,80,Kevin Cottiss,1,25,65762,2333,84.56
Series 13,13,afgerond,81,Lewis Pride,1,8,20500,729,84.36
Series 13,13,afgerond,82,Jack Tweddell,1,27,71703,2556,84.16
Series 13,13,afgerond,83,Mark Dudbridge,1,11,31433,1124,83.9
Series 13,13,afgerond,84,Scott Campbell,2,25,65081,2329,83.83
Series 13,13,afgerond,85,Butch Devine,1,26,69140,2475,83.81
Series 13,13,afgerond,86,Tommy Lishman,2,10,25695,922,83.61
Series 13,13,afgerond,87,Dustin Straver,1,24,59603,2143,83.44
Series 13,13,afgerond,88,Jamie Durrant,1,10,27294,983,83.3
Series 13,13,afgerond,89,Patrick Dekker,1,27,67765,2444,83.18
Series 13,13,afgerond,90,John O&#039;Shea,1,8,19702,712,83.01
Series 13,13,afgerond,91,Neil Wild,1,25,65801,2378,83.01
Series 13,13,afgerond,92,Archie Self,2,28,73681,2664,82.97
Series 13,13,afgerond,93,Billy Leonard,1,10,27450,996,82.68
Series 13,13,afgerond,94,Arne Spee,2,29,71131,2587,82.49
Series 13,13,afgerond,95,Adam Sevada,1,8,16504,601,82.38
Series 13,13,afgerond,96,Dmitrii Rogov,1,25,69102,2518,82.33
Series 13,13,afgerond,97,Jamie Kelling,1,12,32864,1199,82.23
Series 13,13,afgerond,98,Richie Burnett,1,8,21212,774,82.22
Series 13,13,afgerond,99,Darren Webster,1,8,20820,760,82.18
Series 13,13,afgerond,100,Alec Small,1,23,61356,2241,82.14
Series 13,13,afgerond,101,Jason Heaver,1,10,26441,966,82.11
Series 13,13,afgerond,102,Devon Petersen,1,8,20964,766,82.1
Series 13,13,afgerond,103,Justin Smith,1,28,72410,2653,81.88
Series 13,13,afgerond,104,Dean Finn,1,11,27579,1012,81.76
Series 13,13,afgerond,105,Nico Plovier,1,25,61662,2265,81.67
Series 13,13,afgerond,106,David Wawrzewski,1,10,27512,1011,81.64
Series 13,13,afgerond,107,Brian Raman,1,18,49449,1818,81.6
Series 13,13,afgerond,108,Colin McCaughern,1,25,67896,2499,81.51
Series 13,13,afgerond,109,Conan Whitehead,1,25,60700,2236,81.44
Series 13,13,afgerond,110,Jesus Salate,1,25,71056,2621,81.33
Series 13,13,afgerond,111,Wesley Van Trijp,1,25,61610,2274,81.28
Series 13,13,afgerond,112,Reece Colley,1,25,67182,2480,81.27
Series 13,13,afgerond,113,Raymond Mulvey,1,25,63866,2358,81.25
Series 13,13,afgerond,114,Kevin Painter,1,10,25214,935,80.9
Series 13,13,afgerond,115,Mason Whitlock,1,8,19082,708,80.86
Series 13,13,afgerond,116,Adam Winspear,1,10,27650,1029,80.61
Series 13,13,afgerond,117,Fallon Sherrock,1,8,18589,693,80.47
Series 13,13,afgerond,118,Martyn Turner,1,25,61155,2281,80.43
Series 13,13,afgerond,119,Stijn Deklerck,1,25,67439,2521,80.25
Series 13,13,afgerond,120,Jyri Ussa,1,25,65068,2433,80.23
Series 13,13,afgerond,121,Phil Johnson-Hale,1,10,23903,894,80.21
Series 13,13,afgerond,122,Andy Davidson,1,27,71251,2666,80.18
Series 13,13,afgerond,123,Lewis Gurney,2,13,35612,1334,80.09
Series 13,13,afgerond,124,Danny van Trijp,1,25,59805,2243,79.99
Series 13,13,afgerond,125,Dylan Dowling,1,24,65212,2446,79.98
Series 13,13,afgerond,126,Gemma Hayter,1,8,19143,719,79.87
Series 13,13,afgerond,127,Jim Widmayer,1,8,20628,775,79.85
Series 13,13,afgerond,128,Johnny Haines,1,8,19181,721,79.81
Series 13,13,afgerond,129,Joshua Burksfield,1,10,26038,981,79.63
Series 13,13,afgerond,130,Martin Thomas,1,10,27381,1032,79.6
Series 13,13,afgerond,131,Dylan Grazier,1,10,23086,872,79.42
Series 13,13,afgerond,132,Jasper Scarrott,1,25,60737,2303,79.12
Series 13,13,afgerond,133,Graham Jenkins,1,10,26161,996,78.8
Series 13,13,afgerond,134,Zereso Zeverboom,1,27,69315,2642,78.71
Series 13,13,afgerond,135,Scott Winder,1,10,25389,973,78.28
Series 13,13,afgerond,136,Lars-Erik Lindgreen,2,25,60574,2329,78.03
Series 13,13,afgerond,137,Aaron Gill,2,10,24993,961,78.02
Series 13,13,afgerond,138,Danny Lauby,1,25,64134,2473,77.8
Series 13,13,afgerond,139,Tom Cromwell,1,6,17313,671,77.41
Series 13,13,afgerond,140,Jonathan Platt,1,10,24562,958,76.92
Series 13,13,afgerond,141,Robert Thornton,1,25,62137,2435,76.55
Series 13,13,afgerond,142,George Monios,1,25,56302,2225,75.91
Series 13,13,afgerond,143,Conor Paterson,1,10,26482,1076,73.83
Series 13,13,afgerond,144,Karl Coleman,1,10,23498,956,73.74
Series 13,13,afgerond,145,Timothy Jones,1,10,21990,895,73.71
Series 13,13,afgerond,146,David Munyua,1,25,58897,2416,73.13
Series 14,14,afgerond,1,Tommy Morris,1,19,48041,1518,94.94
Series 14,14,afgerond,2,Derek Coulson,2,46,119423,3823,93.71
Series 14,14,afgerond,3,Henry Coates,2,45,117779,3773,93.65
Series 14,14,afgerond,4,Boris Krcmar,1,29,74650,2392,93.62
Series 14,14,afgerond,5,Jack Tweddell,2,29,77558,2497,93.18
Series 14,14,afgerond,6,Danny Ayres,1,10,29743,966,92.37
Series 14,14,afgerond,7,Archie Self,2,39,104526,3413,91.88
Series 14,14,afgerond,8,Simon Stevenson,1,8,22757,747,91.39
Series 14,14,afgerond,9,Scott Robertson,2,23,61560,2033,90.84
Series 14,14,afgerond,10,Jack Aldridge,2,46,121748,4023,90.79
Series 14,14,afgerond,11,Robbie Martin,1,26,67843,2246,90.62
Series 14,14,afgerond,12,Lloyd Walker,1,10,27928,925,90.58
Series 14,14,afgerond,13,Jamie Owens,1,11,27705,918,90.54
Series 14,14,afgerond,14,Chas Barstow,1,8,22886,759,90.46
Series 14,14,afgerond,15,Scott Campbell,1,11,31564,1051,90.1
Series 14,14,afgerond,16,James Beeton,1,8,20838,695,89.95
Series 14,14,afgerond,17,Alex Williams,1,27,69802,2333,89.76
Series 14,14,afgerond,18,Joe Hunt,1,8,21442,717,89.72
Series 14,14,afgerond,19,Oliver Mitchell,1,14,35694,1195,89.61
Series 14,14,afgerond,20,Rob Grundy,1,19,50114,1681,89.44
Series 14,14,afgerond,21,David Evans,2,37,92886,3121,89.28
Series 14,14,afgerond,22,Ashley Coleman,2,33,93631,3148,89.23
Series 14,14,afgerond,23,Steve West,1,19,50584,1708,88.85
Series 14,14,afgerond,24,Radek Szaganski,1,26,69053,2334,88.76
Series 14,14,afgerond,25,Matthew Dennant,1,8,21872,740,88.67
Series 14,14,afgerond,26,Jack Drayton,1,27,71535,2421,88.64
Series 14,14,afgerond,27,Jenson Walker,1,25,63847,2163,88.55
Series 14,14,afgerond,28,Aden Kirk,1,28,76039,2577,88.52
Series 14,14,afgerond,29,James Buckby,1,12,32749,1110,88.51
Series 14,14,afgerond,30,George Cressey,1,23,60322,2045,88.49
Series 14,14,afgerond,31,Jim McEwan,1,11,29301,994,88.43
Series 14,14,afgerond,32,Llew Bevan,1,13,36916,1253,88.39
Series 14,14,afgerond,33,Paul Hogan,1,10,28964,983,88.39
Series 14,14,afgerond,34,Josh McCarthy,1,12,32170,1092,88.38
Series 14,14,afgerond,35,Reece Robinson,1,23,62320,2117,88.31
Series 14,14,afgerond,36,Jake Neale,1,12,32820,1115,88.3
Series 14,14,afgerond,37,Neil Duff,2,35,84254,2863,88.29
Series 14,14,afgerond,38,Lee Cocks,1,10,27924,950,88.18
Series 14,14,afgerond,39,Danny Baggish,1,15,40493,1378,88.16
Series 14,14,afgerond,40,Jamie Lewis,1,11,28952,986,88.09
Series 14,14,afgerond,41,Kevin Edwards,1,12,28948,986,88.08
Series 14,14,afgerond,42,Joe Croft,1,25,67824,2317,87.82
Series 14,14,afgerond,43,Harry Ward,1,13,34710,1186,87.8
Series 14,14,afgerond,44,Carl Batchelor,1,23,61330,2102,87.53
Series 14,14,afgerond,45,Reece Colley,1,13,34847,1197,87.34
Series 14,14,afgerond,46,Peter Jacques,1,10,27093,931,87.3
Series 14,14,afgerond,47,Tommy Lishman,1,11,29013,997,87.3
Series 14,14,afgerond,48,Kaya Baysal,1,14,36232,1246,87.24
Series 14,14,afgerond,49,Justin Smith,1,8,23955,824,87.21
Series 14,14,afgerond,50,Kurt Parry,1,11,29758,1024,87.18
Series 14,14,afgerond,51,Sam Spivey,1,12,32056,1105,87.03
Series 14,14,afgerond,52,Graham Hall,1,26,72218,2491,86.97
Series 14,14,afgerond,53,Michael Huntley,2,23,63846,2208,86.75
Series 14,14,afgerond,54,Johnny Haines,1,25,65525,2267,86.71
Series 14,14,afgerond,55,Graham Usher,1,25,65632,2271,86.7
Series 14,14,afgerond,56,Scott Taylor,2,35,90973,3152,86.59
Series 14,14,afgerond,57,Carl Wilson,1,23,62066,2151,86.56
Series 14,14,afgerond,58,Keegan Brown,1,23,59820,2074,86.53
Series 14,14,afgerond,59,Oliver King,1,12,34360,1193,86.4
Series 14,14,afgerond,60,Jeff Smith,1,25,65185,2265,86.34
Series 14,14,afgerond,61,Kevin Burness,1,12,30999,1078,86.27
Series 14,14,afgerond,62,Ted Evetts,1,28,73448,2555,86.24
Series 14,14,afgerond,63,Ryan Branley,1,18,46825,1631,86.13
Series 14,14,afgerond,64,Brian Raman,1,27,74738,2606,86.04
Series 14,14,afgerond,65,Jamai van den Herik,1,25,67600,2361,85.9
Series 14,14,afgerond,66,Jamie Kelling,1,8,20871,729,85.89
Series 14,14,afgerond,67,Benito van de Pas,1,26,71466,2497,85.86
Series 14,14,afgerond,68,Danny Trueman,1,21,56394,1971,85.84
Series 14,14,afgerond,69,Christopher Wickenden,1,10,26178,915,85.83
Series 14,14,afgerond,70,Conor Heneghan,1,11,30435,1064,85.81
Series 14,14,afgerond,71,John Henderson,1,25,64963,2272,85.78
Series 14,14,afgerond,72,Dawson Murschell,1,23,61490,2153,85.68
Series 14,14,afgerond,73,Asa Cansdale,1,10,27962,980,85.6
Series 14,14,afgerond,74,Willie Borland,1,19,51493,1805,85.58
Series 14,14,afgerond,75,Lewis Pride,1,18,48423,1702,85.35
Series 14,14,afgerond,76,Simon Whitlock,1,10,26655,937,85.34
Series 14,14,afgerond,77,Nathan Potter,1,25,67056,2358,85.31
Series 14,14,afgerond,78,Alec Small,2,24,67449,2373,85.27
Series 14,14,afgerond,79,Lee (ENG) Evans,1,10,27852,980,85.26
Series 14,14,afgerond,80,Ashton Brown,1,10,25281,890,85.22
Series 14,14,afgerond,81,Ron Meulenkamp,1,12,30769,1084,85.15
Series 14,14,afgerond,82,Dylan Slevin,1,25,66748,2352,85.14
Series 14,14,afgerond,83,Andy Hamilton,1,18,45178,1594,85.03
Series 14,14,afgerond,84,Pete Hughes,1,26,72251,2552,84.93
Series 14,14,afgerond,85,Steve Johnstone,1,10,26596,940,84.88
Series 14,14,afgerond,86,Tomoya Goto,1,23,58781,2083,84.66
Series 14,14,afgerond,87,Richie Howson,1,19,45368,1608,84.64
Series 14,14,afgerond,88,Adrian Devine,1,10,25522,910,84.14
Series 14,14,afgerond,89,Callum Goffin,1,25,63874,2280,84.04
Series 14,14,afgerond,90,Michael Warburton,1,25,64503,2308,83.84
Series 14,14,afgerond,91,Tom Lonsdale,1,10,28417,1017,83.83
Series 14,14,afgerond,92,Mark Dudbridge,1,11,31937,1147,83.53
Series 14,14,afgerond,93,Carl Wilkinson,1,8,20271,728,83.53
Series 14,14,afgerond,94,Mason Whitlock,1,10,25974,934,83.43
Series 14,14,afgerond,95,Scott Mitchell,1,10,27934,1006,83.3
Series 14,14,afgerond,96,Jarred Cole,1,10,26742,965,83.14
Series 14,14,afgerond,97,Colin Osborne,1,8,20643,745,83.13
Series 14,14,afgerond,98,Twan Uriot,1,25,66268,2392,83.11
Series 14,14,afgerond,99,Mitch Minnie,1,25,68833,2485,83.1
Series 14,14,afgerond,100,Jelle Klaasen,1,13,33399,1209,82.88
Series 14,14,afgerond,101,Conan Whitehead,1,26,75045,2725,82.62
Series 14,14,afgerond,102,Ricardo Ham,1,25,65185,2368,82.58
Series 14,14,afgerond,103,Lee (WAL) Evans,1,12,32482,1180,82.58
Series 14,14,afgerond,104,Ciaran Forde,1,13,34459,1252,82.57
Series 14,14,afgerond,105,Lewis Gurney,1,8,20877,759,82.52
Series 14,14,afgerond,106,Billy Leonard,1,10,24146,878,82.5
Series 14,14,afgerond,107,Richard McKee,1,14,37453,1365,82.31
Series 14,14,afgerond,108,Shaun Fox,1,23,59843,2181,82.31
Series 14,14,afgerond,109,Steve Green,1,25,67420,2459,82.25
Series 14,14,afgerond,110,Glenn de Bois,1,25,64145,2350,81.89
Series 14,14,afgerond,111,Richie Burnett,1,8,20205,743,81.58
Series 14,14,afgerond,112,Nico Plovier,1,25,63379,2332,81.53
Series 14,14,afgerond,113,George Killington,1,24,64128,2360,81.52
Series 14,14,afgerond,114,Aaron Turner,1,10,26603,981,81.35
Series 14,14,afgerond,115,Martyn Turner,1,10,27774,1025,81.29
Series 14,14,afgerond,116,Danny Lauby,1,25,64422,2381,81.17
Series 14,14,afgerond,117,Terry Nash,1,8,19134,708,81.08
Series 14,14,afgerond,118,Jack Smith,1,25,63464,2349,81.05
Series 14,14,afgerond,119,Colin McCaughern,1,25,66652,2473,80.86
Series 14,14,afgerond,120,Joe Heywood,1,25,62045,2307,80.68
Series 14,14,afgerond,121,Neven Resetar,1,25,59118,2205,80.43
Series 14,14,afgerond,122,Shane Ryan,1,10,26916,1004,80.43
Series 14,14,afgerond,123,Jose Justicia,1,25,65024,2426,80.41
Series 14,14,afgerond,124,Bradley O Connor,1,25,62143,2321,80.32
Series 14,14,afgerond,125,Robert Thornton,1,25,61329,2291,80.31
Series 14,14,afgerond,126,Adam Mould,1,10,27879,1046,79.96
Series 14,14,afgerond,127,Arne Spee,1,21,50304,1890,79.85
Series 14,14,afgerond,128,Meinte Hibma,1,25,69295,2605,79.8
Series 14,14,afgerond,129,Bradley van der Velden,1,25,63922,2409,79.6
Series 14,14,afgerond,130,Dean Finn,1,8,18534,699,79.55
Series 14,14,afgerond,131,Adam Smith-Neale,1,10,27565,1041,79.44
Series 14,14,afgerond,132,Keanu van Velzen,1,25,59305,2267,78.48
Series 14,14,afgerond,133,Stijn Deklerck,1,25,58617,2241,78.47
Series 14,14,afgerond,134,Kevin Painter,1,10,25495,984,77.73
Series 14,14,afgerond,135,Fallon Sherrock,1,8,19652,761,77.47
Series 14,14,afgerond,136,Devon Petersen,1,27,71516,2772,77.4
Series 14,14,afgerond,137,Adrian Gray,1,25,69442,2694,77.33
Series 14,14,afgerond,138,John O´Shea,1,10,26621,1041,76.72
Series 14,14,afgerond,139,Dylan Sinclair,1,10,25483,1007,75.92
Series 14,14,afgerond,140,Giovanni Matthee,1,25,59284,2347,75.78
Series 14,14,afgerond,141,James Marcroft,1,13,34937,1393,75.24
Series 14,14,afgerond,142,Sebastian Caris,1,25,51294,2047,75.17
Series 14,14,afgerond,143,Dylan Grazier,1,10,23833,955,74.87
Series 14,14,afgerond,144,Joe Murnan,1,10,23038,952,72.6
Double Trouble,15,los evenement,1,Steve Lennon,1,8,15779,525,90.17
Double Trouble,15,los evenement,2,Simon Whitlock,1,10,20662,697,88.93
Double Trouble,15,los evenement,3,Neil Duff,1,27,53687,1833,87.87
Double Trouble,15,los evenement,4,Keegan Brown,1,14,29406,1032,85.48
Double Trouble,15,los evenement,5,Scott Mitchell,1,17,32569,1146,85.26
Double Trouble,15,los evenement,6,Steve West,1,28,53520,1889,85.0
Double Trouble,15,los evenement,7,Fallon Sherrock,1,11,24004,854,84.32
Double Trouble,15,los evenement,8,Scott Campbell,1,10,18243,654,83.68
Double Trouble,15,los evenement,9,Richie Burnett,1,25,43827,1612,81.56
Double Trouble,15,los evenement,10,Robert Thornton,1,25,45830,1687,81.5
Double Trouble,15,los evenement,11,Richie Howson,1,10,17379,641,81.34
Double Trouble,15,los evenement,12,Andreas Harrysson,1,23,36810,1383,79.85
Series 15,26,lopend (tussenstand),1,Darren Beveridge,1,19,53036,1672,95.16
Series 15,26,lopend (tussenstand),2,Paul Krohne,1,15,39579,1269,93.57
Series 15,26,lopend (tussenstand),3,Andy Baetens,1,15,37985,1226,92.95
Series 15,26,lopend (tussenstand),4,Jose de Sousa,1,15,39486,1288,91.97
Series 15,26,lopend (tussenstand),5,Jack Drayton,1,18,46406,1541,90.34
Series 15,26,lopend (tussenstand),6,James Buckby,1,12,31632,1053,90.12
Series 15,26,lopend (tussenstand),7,Berry Van Peer,1,25,67252,2239,90.11
Series 15,26,lopend (tussenstand),8,Connor Hopkins,1,10,25840,865,89.62
Series 15,26,lopend (tussenstand),9,Reece Colley,1,11,29350,992,88.76
Series 15,26,lopend (tussenstand),10,George Cressey,1,23,59452,2011,88.69
Series 15,26,lopend (tussenstand),11,Dylan Slevin,1,15,39719,1370,86.98
Series 15,26,lopend (tussenstand),12,Michael Huntley,1,25,67541,2338,86.67
Series 15,26,lopend (tussenstand),13,Scott Campbell,1,12,32957,1142,86.58
Series 15,26,lopend (tussenstand),14,Lee (ENG) Evans,1,14,37240,1296,86.2
Series 15,26,lopend (tussenstand),15,Zvonimir Lesic,1,18,46501,1619,86.17
Series 15,26,lopend (tussenstand),16,Patrik Williams,1,25,69082,2420,85.64
Series 15,26,lopend (tussenstand),17,Matt Clark,1,11,30110,1060,85.22
Series 15,26,lopend (tussenstand),18,Richie Parkin,1,13,36328,1289,84.55
Series 15,26,lopend (tussenstand),19,Jonny Barnes,1,25,67071,2385,84.37
Series 15,26,lopend (tussenstand),20,Kevin Cottiss,1,12,31341,1130,83.21
Series 15,26,lopend (tussenstand),21,Ryan Branley,1,25,64048,2330,82.47
Series 15,26,lopend (tussenstand),22,Dean Gallagher,1,23,63031,2297,82.32
Series 15,26,lopend (tussenstand),23,Killian Heffernan,1,15,41364,1526,81.32
Series 15,26,lopend (tussenstand),24,Joe Croft,1,25,68067,2532,80.65
Series 15,26,lopend (tussenstand),25,Neven Resetar,1,25,62408,2335,80.18
Series 15,26,lopend (tussenstand),26,Neil Wild,1,10,22910,858,80.1
Series 15,26,lopend (tussenstand),27,Mark Dudbridge,1,8,21829,820,79.86
Series 15,26,lopend (tussenstand),28,Arne Spee,1,15,34780,1307,79.83
Series 15,26,lopend (tussenstand),29,Lesic Zvonimir,1,9,23422,882,79.67
Series 15,26,lopend (tussenstand),30,Mason Whitlock,1,10,25000,952,78.78
Series 15,26,lopend (tussenstand),31,Devon Petersen,1,8,17390,690,75.61
