series,series_id,series_status,week,week_id,positie,speler,speler_bron,gespeeld,punten,darts,gemiddelde
Series 1,1,afgerond,Week 6,1,1,James Hurrell,James Hurrell,2,4722,159,89.09
Series 1,1,afgerond,Week 6,1,2,Ciaran Teehan,Ciaran Teehan,4,12667,428,88.79
Series 1,1,afgerond,Week 6,1,3,Stephen Burton,Stephen Burton,4,10420,357,87.56
Series 1,1,afgerond,Week 6,1,4,Diogo Portela,Diogo Portela,2,5236,180,87.27
Series 1,1,afgerond,Week 6,1,5,Paul Hogan,Paul Hogan,3,7313,254,86.37
Series 1,1,afgerond,Week 6,1,6,Martin Adams,Martin Adams,3,6733,237,85.23
Series 1,1,afgerond,Week 7,2,1,Reece Colley,Reece Colley,10,26365,879,89.98
Series 1,1,afgerond,Week 7,2,2,Graham Usher,Graham Usher,27,72128,2406,89.94
Series 1,1,afgerond,Week 7,2,3,Martin Thomas,Martin Thomas,13,32629,1117,87.63
Series 1,1,afgerond,Week 7,2,4,David Pallett,David Pallett,12,30905,1059,87.55
Series 1,1,afgerond,Week 7,2,5,Dan Read,Dan Read,27,73658,2525,87.51
Series 1,1,afgerond,Week 7,2,6,Nick Kenny,Nick Kenny,8,23965,822,87.46
Series 1,1,afgerond,Week 7,2,7,Justin Smith,Justin Smith,25,68256,2382,85.96
Series 1,1,afgerond,Week 7,2,8,James Richardson,James Richardson,25,67730,2400,84.66
Series 1,1,afgerond,Week 7,2,9,Carl Wilkinson,Carl Wilkinson,10,29016,1029,84.59
Series 1,1,afgerond,Week 7,2,10,Lisa Ashton,Lisa Ashton,18,48566,1730,84.22
Series 1,1,afgerond,Week 7,2,11,Alan Tabern,Alan Tabern,25,64785,2343,82.95
Series 1,1,afgerond,Week 7,2,12,Jarred Cole,Jarred Cole,8,19556,712,82.4
Series 1,1,afgerond,Week 8,3,1,Conan Whitehead,Conan Whitehead,12,32857,1094,90.1
Series 1,1,afgerond,Week 8,3,2,Andy Hamilton,Andy Hamilton,18,51027,1705,89.78
Series 1,1,afgerond,Week 8,3,3,Conor Heneghan,Conor Heneghan,25,65970,2240,88.35
Series 1,1,afgerond,Week 8,3,4,Ryan Furness,Ryan Furness,12,31292,1083,86.68
Series 1,1,afgerond,Week 8,3,5,Adam Smith-Neale,Adam Smith-Neale,23,62317,2173,86.03
Series 1,1,afgerond,Week 8,3,6,Steve Brown,Steve Brown,25,65688,2305,85.49
Series 1,1,afgerond,Week 8,3,7,Scott Walters,Scott Walters,10,26739,948,84.62
Series 1,1,afgerond,Week 8,3,8,Kevin Painter,Kevin Painter,25,64114,2285,84.18
Series 1,1,afgerond,Week 8,3,9,Johnny Haines,Johnny Haines,8,20384,728,84.0
Series 1,1,afgerond,Week 8,3,10,Moreno Blom,Moreno Blom,28,68701,2466,83.58
Series 1,1,afgerond,Week 8,3,11,Lee Shewan,Lee Shewan,12,34614,1274,81.51
Series 1,1,afgerond,Week 8,3,12,Liam Meek,Liam Meek,10,26468,996,79.72
Series 1,1,afgerond,Week 9,4,1,Scott Williams,Scott Williams,12,35155,1141,92.43
Series 1,1,afgerond,Week 9,4,2,Matt Dennant,Matt Dennant,8,23274,758,92.11
Series 1,1,afgerond,Week 9,4,3,Colin Osborne,Colin Osborne,11,32632,1095,89.4
Series 1,1,afgerond,Week 9,4,4,Sebastian Bialecki,Sebastian Bialecki,25,70042,2393,87.81
Series 1,1,afgerond,Week 9,4,5,Nathan Girvan,Nathan Girvan,23,62599,2150,87.35
Series 1,1,afgerond,Week 9,4,6,Danny Lauby,Danny Lauby,18,48918,1688,86.94
Series 1,1,afgerond,Week 9,4,7,Arron Monk,Arron Monk,14,41160,1441,85.69
Series 1,1,afgerond,Week 9,4,8,Stefan Bellmont,Stefan Bellmont,25,70525,2500,84.63
Series 1,1,afgerond,Week 9,4,9,Jamie Kelling,Jamie Kelling,25,67611,2419,83.85
Series 1,1,afgerond,Week 9,4,10,Alec Small,Alec Small,25,70843,2549,83.38
Series 1,1,afgerond,Week 9,4,11,Kurt Parry,Kurt Parry,10,26275,951,82.89
Series 1,1,afgerond,Week 9,4,12,Lee Cocks,Lee Cocks,12,34682,1292,80.53
Series 1,1,afgerond,Week 10,5,1,Lukas Wenig,Lukas Wenig,17,45199,1465,92.56
Series 1,1,afgerond,Week 10,5,2,Josh Payne,Josh Payne,14,41196,1387,89.1
Series 1,1,afgerond,Week 10,5,3,Mike Gillet,Mike Gillet,8,21247,716,89.02
Series 1,1,afgerond,Week 10,5,4,Scott Baker,Scott Baker,26,67306,2314,87.26
Series 1,1,afgerond,Week 10,5,5,Mike Warburton,Mike Warburton,10,27068,940,86.39
Series 1,1,afgerond,Week 10,5,6,Thibault Tricole,Thibault Tricole,28,73341,2548,86.35
Series 1,1,afgerond,Week 10,5,7,Franz Roetzsch,Franz Roetzsch,25,64099,2268,84.79
Series 1,1,afgerond,Week 10,5,8,Gavin Carlin,Gavin Carlin,27,70807,2515,84.46
Series 1,1,afgerond,Week 10,5,9,Davy Proosten,Davy Proosten,25,66328,2381,83.57
Series 1,1,afgerond,Week 10,5,10,Steve Haggerty,Steve Haggerty,10,24540,896,82.17
Series 1,1,afgerond,Week 10,5,11,Dave Prins,Dave Prins,10,28384,1052,80.94
Series 1,1,afgerond,Week 10,5,12,Niall Culleton,Niall Culleton,8,21185,832,76.39
Series 1,1,afgerond,Week 11,6,1,Daniel Klose,Daniel Klose,18,46300,1539,90.25
Series 1,1,afgerond,Week 11,6,2,Stephen Burton,Stephen Burton,8,22311,758,88.3
Series 1,1,afgerond,Week 11,6,3,Martin Adams,Martin Adams,13,33499,1159,86.71
Series 1,1,afgerond,Week 11,6,4,Rob Collins,Rob Collins,25,69016,2392,86.56
Series 1,1,afgerond,Week 11,6,5,Robert Thornton,Robert Thornton,12,35451,1232,86.33
Series 1,1,afgerond,Week 11,6,6,Greg Ritchie,Greg Ritchie,25,66738,2332,85.86
Series 1,1,afgerond,Week 11,6,7,Peter Jacques,Peter Jacques,29,79168,2791,85.1
Series 1,1,afgerond,Week 11,6,8,Ryan Murray,Ryan Murray,25,64300,2271,84.94
Series 1,1,afgerond,Week 11,6,9,Ryan Palmer,Ryan Palmer,8,22811,809,84.59
Series 1,1,afgerond,Week 11,6,10,Jordan Brooks,Jordan Brooks,10,28878,1042,83.14
Series 1,1,afgerond,Week 11,6,11,Mark McGeeney,Mark McGeeney,25,62987,2322,81.38
Series 1,1,afgerond,Week 11,6,12,Janis Mustafejevs,Janis Mustafejevs,10,19296,883,65.56
Series 1,1,afgerond,Week 12,7,1,Chris Mason,Chris Mason,29,82253,2844,86.76
Series 1,1,afgerond,Week 12,7,2,Richie Howson,Richie Howson,10,26682,924,86.63
Series 1,1,afgerond,Week 12,7,3,Mark Dudbridge,Mark Dudbridge,18,50352,1750,86.32
Series 1,1,afgerond,Week 12,7,4,Alan Norris,Alan Norris,10,28724,1012,85.15
Series 1,1,afgerond,Week 12,7,5,Gary Robson,Gary Robson,28,74127,2695,82.52
Series 1,1,afgerond,Week 12,7,6,Andy Jenkins,Andy Jenkins,10,27835,1014,82.35
Series 1,1,afgerond,Week 12,7,7,Barrie Bates,Barrie Bates,10,24054,895,80.63
Series 1,1,afgerond,Week 12,7,8,Tony O'Shea,Tony O'Shea,27,72781,2713,80.48
Series 1,1,afgerond,Week 12,7,9,Wes Newton,Wes Newton,23,59758,2277,78.73
Series 1,1,afgerond,Week 12,7,10,Mark Layton,Mark Layton,10,26461,1009,78.67
Series 1,1,afgerond,Week 12,7,11,John Walton,John Walton,25,58522,2283,76.9
Series 1,1,afgerond,Week 12,7,12,Paul Nicholson,Paul Nicholson,8,22911,918,74.87
Series 1,1,afgerond,Week 13,8,1,Darryl Pilgrim,Darryl Pilgrim,11,30089,983,91.83
Series 1,1,afgerond,Week 13,8,2,Graham Usher,Graham Usher,19,51778,1715,90.57
Series 1,1,afgerond,Week 13,8,3,Conan Whitehead,Conan Whitehead,27,73948,2486,89.24
Series 1,1,afgerond,Week 13,8,4,Robert Owen,Robert Owen,25,69030,2334,88.73
Series 1,1,afgerond,Week 13,8,5,Chris Mason,Chris Mason,10,28454,965,88.46
Series 1,1,afgerond,Week 13,8,6,Josh Payne,Josh Payne,13,40410,1371,88.42
Series 1,1,afgerond,Week 13,8,7,Graham Hall,Graham Hall,23,63108,2147,88.18
Series 1,1,afgerond,Week 13,8,8,Peter Jacques,Peter Jacques,10,28956,992,87.57
Series 1,1,afgerond,Week 13,8,9,Chas Barstow,Chas Barstow,25,68607,2409,85.44
Series 1,1,afgerond,Week 13,8,10,Ciaran Teehan,Ciaran Teehan,8,20490,721,85.26
Series 1,1,afgerond,Week 13,8,11,Gavin Carlin,Gavin Carlin,10,28057,995,84.59
Series 1,1,afgerond,Week 13,8,12,Lee Evans,Lee Evans,27,67519,2450,82.68
Series 2,2,afgerond,Week 1,9,1,Scott Walters,Scott Walters,12,35169,1156,91.27
Series 2,2,afgerond,Week 1,9,2,James Hurrell,James Hurrell,26,71950,2415,89.38
Series 2,2,afgerond,Week 1,9,3,Robert Owen,Robert Owen,18,50083,1693,88.75
Series 2,2,afgerond,Week 1,9,4,Jim McEwan,Jim McEwan,27,78324,2687,87.45
Series 2,2,afgerond,Week 1,9,5,Reece Colley,Reece Colley,12,34484,1183,87.45
Series 2,2,afgerond,Week 1,9,6,Shane McGuirk,Shane McGuirk,25,68734,2436,84.65
Series 2,2,afgerond,Week 1,9,7,Mark Graham,Mark Graham,12,31955,1141,84.02
Series 2,2,afgerond,Week 1,9,8,Kevin Garcia,Kevin Garcia,25,68221,2456,83.33
Series 2,2,afgerond,Week 1,9,9,Michael Huntley,Michael Huntley,25,68066,2452,83.28
Series 2,2,afgerond,Week 1,9,10,Martin Thomas,Martin Thomas,10,28090,1032,81.66
Series 2,2,afgerond,Week 1,9,11,Richard North,Richard North,8,21067,782,80.82
Series 2,2,afgerond,Week 1,9,12,Pete Burgoyne,Pete Burgoyne,8,19178,719,80.02
Series 2,2,afgerond,Week 2,10,1,Neil Duff,Neil Duff,26,74704,2573,87.1
Series 2,2,afgerond,Week 2,10,2,Jarred Cole,Jarred Cole,18,49779,1718,86.92
Series 2,2,afgerond,Week 2,10,3,Sam Cankett,Sam Cankett,12,30539,1080,84.83
Series 2,2,afgerond,Week 2,10,4,Graham Hall,Graham Hall,27,74474,2638,84.69
Series 2,2,afgerond,Week 2,10,5,Robert Rickwood,Robert Rickwood,12,34685,1232,84.46
Series 2,2,afgerond,Week 2,10,6,Alexander Merkx,Alexander Merkx,27,74892,2677,83.93
Series 2,2,afgerond,Week 2,10,7,Mike Gillet,Mike Gillet,8,21156,772,82.21
Series 2,2,afgerond,Week 2,10,8,Ryan Furness,Ryan Furness,8,22679,832,81.78
Series 2,2,afgerond,Week 2,10,9,Darren Johnson,Darren Johnson,10,27506,1011,81.62
Series 2,2,afgerond,Week 2,10,10,Keelan Kay,Keelan Kay,25,66478,2504,79.65
Series 2,2,afgerond,Week 2,10,11,A. Toft-Jørgensen,A. Toft-Jørgensen,25,65992,2504,79.06
Series 2,2,afgerond,Week 2,10,12,Gary Blades,Gary Blades,10,24503,938,78.37
Series 2,2,afgerond,Week 3,11,1,Andy Hamilton,Andy Hamilton,26,68397,2266,90.55
Series 2,2,afgerond,Week 3,11,2,Scott Taylor,Scott Taylor,12,33187,1110,89.69
Series 2,2,afgerond,Week 3,11,3,Justin Smith,Justin Smith,12,32175,1087,88.8
Series 2,2,afgerond,Week 3,11,4,Martin Adams,Martin Adams,27,70668,2404,88.19
Series 2,2,afgerond,Week 3,11,5,Thibault Tricole,Thibault Tricole,18,48044,1645,87.62
Series 2,2,afgerond,Week 3,11,6,Stephen Burton,Stephen Burton,8,19054,653,87.54
Series 2,2,afgerond,Week 3,11,7,Robert Thornton,Robert Thornton,27,71592,2455,87.49
Series 2,2,afgerond,Week 3,11,8,Lee Cocks,Lee Cocks,8,20067,692,87.0
Series 2,2,afgerond,Week 3,11,9,Jesús Noguera,Jesús Noguera,25,66877,2311,86.82
Series 2,2,afgerond,Week 3,11,10,Cam Crabtree,Cam Crabtree,10,25252,874,86.68
Series 2,2,afgerond,Week 3,11,11,David Wawrzewski,David Wawrzewski,10,25570,899,85.33
Series 2,2,afgerond,Week 3,11,12,Matt Jackson,Matt Jackson,25,65073,2352,83.0
Series 2,2,afgerond,Week 4,12,1,Conan Whitehead,Conan Whitehead,10,26242,851,92.51
Series 2,2,afgerond,Week 4,12,2,Dan Read,Dan Read,23,60452,2038,88.99
Series 2,2,afgerond,Week 4,12,3,Jelle Klaasen,Jelle Klaasen,26,69895,2361,88.81
Series 2,2,afgerond,Week 4,12,4,Darryl Pilgrim,Darryl Pilgrim,11,30869,1044,88.7
Series 2,2,afgerond,Week 4,12,5,Colin Osborne,Colin Osborne,19,54463,1864,87.66
Series 2,2,afgerond,Week 4,12,6,Arron Monk,Arron Monk,29,80375,2767,87.14
Series 2,2,afgerond,Week 4,12,7,Nathan Girvan,Nathan Girvan,25,66137,2285,86.83
Series 2,2,afgerond,Week 4,12,8,Gavin Carlin,Gavin Carlin,27,73383,2544,86.54
Series 2,2,afgerond,Week 4,12,9,Kevin Painter,Kevin Painter,10,26664,966,82.81
Series 2,2,afgerond,Week 4,12,10,Danny Smith,Danny Smith,8,20518,748,82.29
Series 2,2,afgerond,Week 4,12,11,Tony Wood,Tony Wood,10,25107,930,80.99
Series 2,2,afgerond,Week 4,12,12,Martyn Turner,Martyn Turner,10,26017,965,80.88
Series 2,2,afgerond,Week 5,13,1,Mike Warburton,Mike Warburton,23,61844,2044,90.77
Series 2,2,afgerond,Week 5,13,2,Andreas Harrysson,Andreas Harrysson,23,64792,2187,88.88
Series 2,2,afgerond,Week 5,13,3,Matt Dennant,Matt Dennant,11,30119,1019,88.67
Series 2,2,afgerond,Week 5,13,4,Lee Evans,Lee Evans,10,28222,959,88.29
Series 2,2,afgerond,Week 5,13,5,Conor Heneghan,Conor Heneghan,18,52820,1808,87.64
Series 2,2,afgerond,Week 5,13,6,Richie Parkin,Richie Parkin,14,38771,1354,85.9
Series 2,2,afgerond,Week 5,13,7,Jamie Kelling,Jamie Kelling,12,32028,1122,85.64
Series 2,2,afgerond,Week 5,13,8,Jacques Labre,Jacques Labre,25,67607,2425,83.64
Series 2,2,afgerond,Week 5,13,9,Lisa Ashton,Lisa Ashton,27,78924,2848,83.14
Series 2,2,afgerond,Week 5,13,10,Lee Shewan,Lee Shewan,10,26809,989,81.32
Series 2,2,afgerond,Week 5,13,11,Josh Richardson,Josh Richardson,10,24736,913,81.28
Series 2,2,afgerond,Week 5,13,12,Jack Vincent,Jack Vincent,25,64192,2469,78.0
Series 2,2,afgerond,Week 6,14,1,Gary Stone,Gary Stone,28,78007,2580,90.71
Series 2,2,afgerond,Week 6,14,2,Josh Payne,Josh Payne,25,66163,2243,88.49
Series 2,2,afgerond,Week 6,14,3,Paul Hogan,Paul Hogan,10,26540,900,88.47
Series 2,2,afgerond,Week 6,14,4,Gian van Veen,Gian van_Veen,18,50297,1716,87.93
Series 2,2,afgerond,Week 6,14,5,Graham Usher,Graham Usher,29,79673,2735,87.39
Series 2,2,afgerond,Week 6,14,6,Arjan Konterman,Arjan Konterman,25,64348,2212,87.27
Series 2,2,afgerond,Week 6,14,7,David Cameron,David Cameron,23,62187,2159,86.41
Series 2,2,afgerond,Week 6,14,8,James Richardson,James Richardson,12,31870,1120,85.37
Series 2,2,afgerond,Week 6,14,9,Adam Lipscombe,Adam Lipscombe,10,24781,877,84.77
Series 2,2,afgerond,Week 6,14,10,Danny Lauby,Danny Lauby,10,26176,940,83.54
Series 2,2,afgerond,Week 6,14,11,Andy Jenkins,Andy Jenkins,8,22230,824,80.93
Series 2,2,afgerond,Week 6,14,12,Diogo Portela,Diogo Portela,10,25525,964,79.43
Series 2,2,afgerond,Week 7,15,1,Raymond Smith,Raymond Smith,19,49622,1608,92.58
Series 2,2,afgerond,Week 7,15,2,Chas Barstow,Chas Barstow,10,27788,902,92.42
Series 2,2,afgerond,Week 7,15,3,Dylan Slevin,Dylan Slevin,13,35306,1148,92.26
Series 2,2,afgerond,Week 7,15,4,Fallon Sherrock,Fallon Sherrock,10,24176,827,87.7
Series 2,2,afgerond,Week 7,15,5,Ben Robb,Ben Robb,26,75754,2593,87.64
Series 2,2,afgerond,Week 7,15,6,Prakash Jiwa,Prakash Jiwa,8,21486,738,87.34
Series 2,2,afgerond,Week 7,15,7,Peter Jacques,Peter Jacques,12,30336,1048,86.84
Series 2,2,afgerond,Week 7,15,8,Jeroen Mioch,Jeroen Mioch,23,60766,2105,86.6
Series 2,2,afgerond,Week 7,15,9,Carl Wilkinson,Carl Wilkinson,10,23765,844,84.47
Series 2,2,afgerond,Week 7,15,10,Adam Atkinson,Adam Atkinson,27,69826,2501,83.76
Series 2,2,afgerond,Week 7,15,11,Ciaran Teehan,Ciaran Teehan,25,66129,2382,83.29
Series 2,2,afgerond,Week 7,15,12,Danny van Trijp,Danny van_Trijp,25,60750,2189,83.26
Series 2,2,afgerond,Week 8,16,1,Chris Landman,Chris Landman,26,68191,2303,88.83
Series 2,2,afgerond,Week 8,16,2,Leonard Gates,Leonard Gates,12,33617,1139,88.54
Series 2,2,afgerond,Week 8,16,3,Richard Veenstra,Richard Veenstra,25,64237,2192,87.92
Series 2,2,afgerond,Week 8,16,4,Alec Small,Alec Small,14,38671,1343,86.38
Series 2,2,afgerond,Week 8,16,5,Adam Warner,Adam Warner,19,48141,1677,86.12
Series 2,2,afgerond,Week 8,16,6,Nick Kenny,Nick Kenny,11,25952,911,85.46
Series 2,2,afgerond,Week 8,16,7,Rob Collins,Rob Collins,8,21137,773,82.03
Series 2,2,afgerond,Week 8,16,8,Kai Fan Leung,Kai_Fan Leung,8,19963,731,81.93
Series 2,2,afgerond,Week 8,16,9,Jeffrey Bekema,Jeffrey Bekema,10,26541,996,79.94
Series 2,2,afgerond,Week 8,16,10,Luke Getty,Luke Getty,25,64436,2449,78.93
Series 2,2,afgerond,Week 8,16,11,Tony Newell,Tony Newell,25,64126,2441,78.81
Series 2,2,afgerond,Week 8,16,12,Willem Mandigers,Willem Mandigers,25,58776,2262,77.95
Series 2,2,afgerond,Week 9,17,1,Richie Howson,Richie Howson,17,44995,1541,87.6
Series 2,2,afgerond,Week 9,17,2,Adam Mould,Adam Mould,27,70156,2486,84.66
Series 2,2,afgerond,Week 9,17,3,Michael Huntley,Michael Huntley,13,35974,1277,84.51
Series 2,2,afgerond,Week 9,17,4,Martyn Turner,Martyn Turner,23,59161,2133,83.21
Series 2,2,afgerond,Week 9,17,5,Robert Thornton,Robert Thornton,11,28632,1060,81.03
Series 2,2,afgerond,Week 9,17,6,Ian Moss,Ian Moss,12,32854,1218,80.92
Series 2,2,afgerond,Week 9,17,7,Darren Johnson,Darren Johnson,27,67586,2506,80.91
Series 2,2,afgerond,Week 9,17,8,Andy Jenkins,Andy Jenkins,25,64686,2407,80.62
Series 2,2,afgerond,Week 9,17,9,Alan Norris,Alan Norris,10,28137,1081,78.09
Series 2,2,afgerond,Week 9,17,10,Trina Gulliver,Trina Gulliver,8,20509,810,75.96
Series 2,2,afgerond,Week 9,17,11,Steve Perren,Steve Perren,10,23551,1011,69.88
Series 2,2,afgerond,Week 9,17,12,Peter Manley,Peter Manley,25,52381,2272,69.17
Series 2,2,afgerond,Week 10,18,1,Martin Adams,Martin Adams,12,30479,1008,90.71
Series 2,2,afgerond,Week 10,18,2,Mike Norton,Mike Norton,8,23300,833,83.91
Series 2,2,afgerond,Week 10,18,3,Paul Hogan,Paul Hogan,11,30021,1074,83.86
Series 2,2,afgerond,Week 10,18,4,Colin Monk,Colin Monk,10,27998,1003,83.74
Series 2,2,afgerond,Week 10,18,5,Matt Clark,Matt Clark,27,80107,2871,83.71
Series 2,2,afgerond,Week 10,18,6,David Davies,David Davies,25,62940,2312,81.67
Series 2,2,afgerond,Week 10,18,7,Kevin Painter,Kevin Painter,19,51010,1892,80.88
Series 2,2,afgerond,Week 10,18,8,Dave Prins,Dave Prins,23,64188,2385,80.74
Series 2,2,afgerond,Week 10,18,9,Kevin Dowling,Kevin Dowling,13,34270,1276,80.57
Series 2,2,afgerond,Week 10,18,10,Gary Stafford,Gary Stafford,10,26373,985,80.32
Series 2,2,afgerond,Week 10,18,11,Mike Symes,Mike Symes,25,60843,2324,78.54
Series 2,2,afgerond,Week 10,18,12,Barrie Bates,Barrie Bates,25,61684,2499,74.05
Series 2,2,afgerond,Week 11,19,1,Johnny Haines,Johnny Haines,19,52618,1759,89.74
Series 2,2,afgerond,Week 11,19,2,Neil Duff,Neil Duff,27,74386,2642,84.47
Series 2,2,afgerond,Week 11,19,3,Paul Linwood,Paul Linwood,10,26398,946,83.71
Series 2,2,afgerond,Week 11,19,4,Kevin Edwards,Kevin Edwards,11,29661,1070,83.16
Series 2,2,afgerond,Week 11,19,5,Terry Jenkins,Terry Jenkins,23,58039,2124,81.98
Series 2,2,afgerond,Week 11,19,6,Mark Lawrence,Mark Lawrence,13,36634,1344,81.77
Series 2,2,afgerond,Week 11,19,7,Darryl Fitton,Darryl Fitton,10,26884,995,81.06
Series 2,2,afgerond,Week 11,19,8,Adam Lipscombe,Adam Lipscombe,25,67426,2496,81.04
Series 2,2,afgerond,Week 11,19,9,Mark McGeeney,Mark McGeeney,27,69732,2598,80.52
Series 2,2,afgerond,Week 11,19,10,Tony O'Shea,Tony O'Shea,25,64472,2500,77.37
Series 2,2,afgerond,Week 11,19,11,Richard Stride,Richard Stride,8,21174,824,77.09
Series 2,2,afgerond,Week 11,19,12,Vince Tipple,Vince Tipple,10,26591,1061,75.19
Series 2,2,afgerond,Week 12,20,1,Jarred Cole,Jarred Cole,13,33911,1116,91.16
Series 2,2,afgerond,Week 12,20,2,Fallon Sherrock,Fallon Sherrock,11,28612,977,87.86
Series 2,2,afgerond,Week 12,20,3,Richard North,Richard North,27,72330,2487,87.25
Series 2,2,afgerond,Week 12,20,4,John Henderson,John Henderson,27,72708,2514,86.76
Series 2,2,afgerond,Week 12,20,5,Shaun Griffiths,Shaun Griffiths,8,20813,723,86.36
Series 2,2,afgerond,Week 12,20,6,Reece Colley,Reece Colley,25,64653,2271,85.41
Series 2,2,afgerond,Week 12,20,7,Lee Budgen,Lee Budgen,17,44488,1567,85.17
Series 2,2,afgerond,Week 12,20,8,Niall Culleton,Niall Culleton,27,74548,2629,85.07
Series 2,2,afgerond,Week 12,20,9,Ryan Palmer,Ryan Palmer,8,20495,744,82.64
Series 2,2,afgerond,Week 12,20,10,Mark Graham,Mark Graham,10,26392,968,81.79
Series 2,2,afgerond,Week 12,20,11,Josh McCarthy,Josh McCarthy,10,25565,970,79.07
Series 2,2,afgerond,Week 12,20,12,Danny Smith,Danny Smith,25,55243,2110,78.54
Series 2,2,afgerond,Week 13,21,1,Scott Walters,Scott Walters,13,36796,1191,92.69
Series 2,2,afgerond,Week 13,21,2,Raymond Smith,Raymond Smith,27,71187,2318,92.13
Series 2,2,afgerond,Week 13,21,3,Martin Adams,Martin Adams,10,23956,790,90.97
Series 2,2,afgerond,Week 13,21,4,Matt Clark,Matt Clark,14,40622,1347,90.47
Series 2,2,afgerond,Week 13,21,5,Alexander Merkx,Alexander Merkx,10,26111,869,90.14
Series 2,2,afgerond,Week 13,21,6,Jamie Kelling,Jamie Kelling,8,22781,762,89.69
Series 2,2,afgerond,Week 13,21,7,John Henderson,John Henderson,25,65893,2226,88.8
Series 2,2,afgerond,Week 13,21,8,Jim McEwan,Jim McEwan,17,45549,1546,88.39
Series 2,2,afgerond,Week 13,21,9,Adam Mould,Adam Mould,11,28944,994,87.36
Series 2,2,afgerond,Week 13,21,10,Johnny Haines,Johnny Haines,23,62417,2145,87.3
Series 2,2,afgerond,Week 13,21,11,Colin Osborne,Colin Osborne,25,64821,2235,87.01
Series 2,2,afgerond,Week 13,21,12,Justin Smith,Justin Smith,25,67628,2462,82.41
Series 3,3,afgerond,Week 1,22,1,Jon Worsley,Jon Worsley,19,54654,1859,88.2
Series 3,3,afgerond,Week 1,22,2,Andy Hamilton,Andy Hamilton,27,70423,2414,87.52
Series 3,3,afgerond,Week 1,22,3,Jordan Brooks,Jordan Brooks,13,33259,1142,87.37
Series 3,3,afgerond,Week 1,22,4,Chas Barstow,Chas Barstow,10,23983,839,85.76
Series 3,3,afgerond,Week 1,22,5,Josh Richardson,Josh Richardson,10,25730,901,85.67
Series 3,3,afgerond,Week 1,22,6,Brett Claydon,Brett Claydon,10,28493,1001,85.39
Series 3,3,afgerond,Week 1,22,7,Shane McGuirk,Shane McGuirk,28,74034,2610,85.1
Series 3,3,afgerond,Week 1,22,8,Steve Brown,Steve Brown,25,63533,2244,84.94
Series 3,3,afgerond,Week 1,22,9,David Evans,David Evans,25,66482,2371,84.12
Series 3,3,afgerond,Week 1,22,10,Alec Small,Alec Small,25,66791,2383,84.08
Series 3,3,afgerond,Week 1,22,11,Keelan Kay,Keelan Kay,8,23235,851,81.91
Series 3,3,afgerond,Week 1,22,12,Aaron Beeney,Aaron Beeney,8,21372,822,78.0
Series 3,3,afgerond,Week 2,23,1,Rob Collins,Rob Collins,10,26318,863,91.49
Series 3,3,afgerond,Week 2,23,2,Colin Osborne,Colin Osborne,23,61826,2086,88.92
Series 3,3,afgerond,Week 2,23,3,Leonard Gates,Leonard Gates,19,51118,1736,88.34
Series 3,3,afgerond,Week 2,23,4,Owen Bates,Owen Bates,27,72819,2517,86.79
Series 3,3,afgerond,Week 2,23,5,Adam Hunt,Adam Hunt,11,28541,989,86.58
Series 3,3,afgerond,Week 2,23,6,Conan Whitehead,Conan Whitehead,28,73110,2576,85.14
Series 3,3,afgerond,Week 2,23,7,John Brown,John Brown,12,28214,1011,83.72
Series 3,3,afgerond,Week 2,23,8,Prakash Jiwa,Prakash Jiwa,8,18057,649,83.47
Series 3,3,afgerond,Week 2,23,9,Larry Butler,Larry Butler,25,65767,2385,82.73
Series 3,3,afgerond,Week 2,23,10,Gary Hayes,Gary Hayes,25,63852,2357,81.27
Series 3,3,afgerond,Week 2,23,11,Luke Getty,Luke Getty,10,25438,950,80.33
Series 3,3,afgerond,Week 2,23,12,Callum Francis,Callum Francis,10,27273,1019,80.29
Series 3,3,afgerond,Week 3,24,1,Jelle Klaasen,Jelle Klaasen,19,53865,1791,90.23
Series 3,3,afgerond,Week 3,24,2,Danny Lauby,Danny Lauby,28,75918,2550,89.32
Series 3,3,afgerond,Week 3,24,3,Dom Taylor,Dom Taylor,25,71905,2455,87.87
Series 3,3,afgerond,Week 3,24,4,Ryan Furness,Ryan Furness,11,28858,1007,85.97
Series 3,3,afgerond,Week 3,24,5,Paul Hogan,Paul Hogan,8,21003,740,85.15
Series 3,3,afgerond,Week 3,24,6,Jarred Cole,Jarred Cole,23,65744,2331,84.61
Series 3,3,afgerond,Week 3,24,7,Jack Main,Jack Main,29,78733,2793,84.57
Series 3,3,afgerond,Week 3,24,8,Moreno Blom,Moreno Blom,25,66954,2387,84.15
Series 3,3,afgerond,Week 3,24,9,Josh McCarthy,Josh McCarthy,10,26796,957,84.0
Series 3,3,afgerond,Week 3,24,10,Carl Wilkinson,Carl Wilkinson,10,25277,910,83.33
Series 3,3,afgerond,Week 3,24,11,Mark Dudbridge,Mark Dudbridge,10,25600,944,81.36
Series 3,3,afgerond,Week 3,24,12,Andy Jenkins,Andy Jenkins,10,24922,921,81.18
Series 3,3,afgerond,Week 4,25,1,Andy Boulton,Andy Boulton,27,72886,2334,93.68
Series 3,3,afgerond,Week 4,25,2,Gary Stone,Gary Stone,18,49549,1658,89.65
Series 3,3,afgerond,Week 4,25,3,Scott Taylor,Scott Taylor,14,35614,1197,89.26
Series 3,3,afgerond,Week 4,25,4,Harry Ward,Harry Ward,23,63508,2149,88.66
Series 3,3,afgerond,Week 4,25,5,Mike Norton,Mike Norton,12,28954,1030,84.33
Series 3,3,afgerond,Week 4,25,6,Scott Walters,Scott Walters,10,27538,982,84.13
Series 3,3,afgerond,Week 4,25,7,Lee Shewan,Lee Shewan,25,69283,2473,84.05
Series 3,3,afgerond,Week 4,25,8,Martin Adams,Martin Adams,25,64561,2352,82.35
Series 3,3,afgerond,Week 4,25,9,Ryan Palmer,Ryan Palmer,8,22515,821,82.27
Series 3,3,afgerond,Week 4,25,10,Alan Tabern,Alan Tabern,11,28951,1061,81.86
Series 3,3,afgerond,Week 4,25,11,Robert Rickwood,Robert Rickwood,25,57966,2179,79.81
Series 3,3,afgerond,Week 4,25,12,Kevin Dowling,Kevin Dowling,10,25367,989,76.95
Series 3,3,afgerond,Week 5,26,1,Mike Warburton,Mike Warburton,29,78453,2625,89.66
Series 3,3,afgerond,Week 5,26,2,Scott Baker,Scott Baker,10,26810,910,88.38
Series 3,3,afgerond,Week 5,26,3,Sebastian Bialecki,Sebastian Bialecki,25,67722,2317,87.68
Series 3,3,afgerond,Week 5,26,4,Conor Heneghan,Conor Heneghan,27,73502,2519,87.54
Series 3,3,afgerond,Week 5,26,5,Matt Dennant,Matt Dennant,18,50099,1736,86.58
Series 3,3,afgerond,Week 5,26,6,Alan Norris,Alan Norris,11,29014,1006,86.52
Series 3,3,afgerond,Week 5,26,7,Reece Robinson,Reece Robinson,12,33873,1198,84.82
Series 3,3,afgerond,Week 5,26,8,Jamie Kelling,Jamie Kelling,8,19310,691,83.84
Series 3,3,afgerond,Week 5,26,9,John Michael,John Michael,25,69630,2497,83.66
Series 3,3,afgerond,Week 5,26,10,Steve Haggerty,Steve Haggerty,10,25635,940,81.81
Series 3,3,afgerond,Week 5,26,11,Trina Gulliver,Trina Gulliver,8,16977,684,74.46
Series 3,3,afgerond,Week 5,26,12,Jack Wareing,Jack Wareing,25,51685,2105,73.66
Series 3,3,afgerond,Week 6,27,1,Richie Howson,Richie Howson,26,67874,2320,87.77
Series 3,3,afgerond,Week 6,27,2,Chas Barstow,Chas Barstow,13,33157,1139,87.33
Series 3,3,afgerond,Week 6,27,3,Lee Cocks,Lee Cocks,23,60186,2086,86.56
Series 3,3,afgerond,Week 6,27,4,Robert Thornton,Robert Thornton,19,51390,1792,86.03
Series 3,3,afgerond,Week 6,27,5,Johnny Haines,Johnny Haines,10,26026,916,85.24
Series 3,3,afgerond,Week 6,27,6,Darryl Fitton,Darryl Fitton,10,26642,944,84.67
Series 3,3,afgerond,Week 6,27,7,Matt Clark,Matt Clark,14,40484,1437,84.52
Series 3,3,afgerond,Week 6,27,8,Neil Duff,Neil Duff,10,24690,880,84.17
Series 3,3,afgerond,Week 6,27,9,Sam Cankett,Sam Cankett,25,64560,2308,83.92
Series 3,3,afgerond,Week 6,27,10,David Davies,David Davies,8,21888,790,83.12
Series 3,3,afgerond,Week 6,27,11,John Nelson,John Nelson,25,64129,2465,78.05
Series 3,3,afgerond,Week 6,27,12,Gary Stafford,Gary Stafford,25,64261,2495,77.27
Series 3,3,afgerond,Week 7,28,1,Steve West,Steve West,27,76451,2620,87.54
Series 3,3,afgerond,Week 7,28,2,Fallon Sherrock,Fallon Sherrock,12,37458,1301,86.38
Series 3,3,afgerond,Week 7,28,3,Adam Hunt,Adam Hunt,18,50463,1762,85.92
Series 3,3,afgerond,Week 7,28,4,Willie Borland,Willie Borland,23,63935,2258,84.94
Series 3,3,afgerond,Week 7,28,5,David Wawrzewski,David Wawrzewski,12,31865,1135,84.22
Series 3,3,afgerond,Week 7,28,6,Tony Wood,Tony Wood,28,70362,2525,83.6
Series 3,3,afgerond,Week 7,28,7,Ciaran Teehan,Ciaran Teehan,25,64135,2328,82.65
Series 3,3,afgerond,Week 7,28,8,Lee Budgen,Lee Budgen,10,30573,1110,82.63
Series 3,3,afgerond,Week 7,28,9,Adam Lipscombe,Adam Lipscombe,8,23245,845,82.53
Series 3,3,afgerond,Week 7,28,10,Pete Burgoyne,Pete Burgoyne,10,26474,998,79.58
Series 3,3,afgerond,Week 7,28,11,Danny Smith,Danny Smith,10,27705,1057,78.63
Series 3,3,afgerond,Week 7,28,12,John Part,John Part,25,61092,2386,76.81
Series 3,3,afgerond,Week 8,29,1,Berry van Peer,Berry van_Peer,18,47322,1546,91.83
Series 3,3,afgerond,Week 8,29,2,Jacob Taylor,Jacob Taylor,27,72793,2406,90.76
Series 3,3,afgerond,Week 8,29,3,Leonard Gates,Leonard Gates,11,33021,1109,89.33
Series 3,3,afgerond,Week 8,29,4,Justin Hood,Justin Hood,12,29504,992,89.23
Series 3,3,afgerond,Week 8,29,5,James Hurrell,James Hurrell,25,68008,2386,85.51
Series 3,3,afgerond,Week 8,29,6,Martin Thomas,Martin Thomas,12,30060,1069,84.36
Series 3,3,afgerond,Week 8,29,7,Diogo Portela,Diogo Portela,8,21270,763,83.63
Series 3,3,afgerond,Week 8,29,8,Lisa Ashton,Lisa Ashton,23,60440,2179,83.21
Series 3,3,afgerond,Week 8,29,9,Michael Huntley,Michael Huntley,10,26809,969,83.0
Series 3,3,afgerond,Week 8,29,10,Stu Wilson,Stu Wilson,12,31382,1136,82.88
Series 3,3,afgerond,Week 8,29,11,Ryan Harrington,Ryan Harrington,25,60328,2219,81.56
Series 3,3,afgerond,Week 8,29,12,Jack Vincent,Jack Vincent,25,62851,2322,81.2
Series 3,3,afgerond,Week 9,30,1,Lukas Wenig,Lukas Wenig,27,73386,2466,89.28
Series 3,3,afgerond,Week 9,30,2,Chris Gilliland,Chris Gilliland,27,71904,2418,89.21
Series 3,3,afgerond,Week 9,30,3,Ryan Murray,Ryan Murray,10,26783,914,87.91
Series 3,3,afgerond,Week 9,30,4,Dan Read,Dan Read,23,59925,2046,87.87
Series 3,3,afgerond,Week 9,30,5,John Henderson,John Henderson,19,51316,1761,87.42
Series 3,3,afgerond,Week 9,30,6,Reece Colley,Reece Colley,11,31679,1088,87.35
Series 3,3,afgerond,Week 9,30,7,Neil Duff,Neil Duff,28,76212,2674,85.5
Series 3,3,afgerond,Week 9,30,8,Martyn Turner,Martyn Turner,8,21208,748,85.06
Series 3,3,afgerond,Week 9,30,9,Shaun Griffiths,Shaun Griffiths,10,24734,893,83.09
Series 3,3,afgerond,Week 9,30,10,Darren Johnson,Darren Johnson,10,26272,949,83.05
Series 3,3,afgerond,Week 9,30,11,Chris Wickenden,Chris Wickenden,10,28005,1015,82.77
Series 3,3,afgerond,Week 9,30,12,Vitezslav Sedlak,Vitezslav Sedlak,25,64582,2357,82.2
Series 3,3,afgerond,Week 10,31,1,Luke Littler,Luke Littler,19,49308,1641,90.14
Series 3,3,afgerond,Week 10,31,2,Alex Spellman,Alex Spellman,25,68573,2336,88.06
Series 3,3,afgerond,Week 10,31,3,Jason Askew,Jason Askew,10,26337,904,87.4
Series 3,3,afgerond,Week 10,31,4,James Richardson,James Richardson,12,32625,1122,87.23
Series 3,3,afgerond,Week 10,31,5,Alexander Merkx,Alexander Merkx,28,71455,2475,86.61
Series 3,3,afgerond,Week 10,31,6,Richard North,Richard North,12,28763,1003,86.03
Series 3,3,afgerond,Week 10,31,7,Nathan Girvan,Nathan Girvan,26,67302,2363,85.44
Series 3,3,afgerond,Week 10,31,8,Adam Mould,Adam Mould,8,20930,738,85.08
Series 3,3,afgerond,Week 10,31,9,Kenny Neyens,Kenny Neyens,25,62252,2244,83.22
Series 3,3,afgerond,Week 10,31,10,Mark Graham,Mark Graham,10,28023,1025,82.02
Series 3,3,afgerond,Week 10,31,11,Steven Johnstone,Steven Johnstone,25,66269,2451,81.11
Series 3,3,afgerond,Week 10,31,12,Gary Blades,Gary Blades,8,20921,780,80.47
Series 3,3,afgerond,Week 11,32,1,Cam Crabtree,Cam Crabtree,27,73201,2492,88.12
Series 3,3,afgerond,Week 11,32,2,Chris Landman,Chris Landman,18,49866,1715,87.23
Series 3,3,afgerond,Week 11,32,3,Shaun McDonald,Shaun McDonald,11,29063,1011,86.24
Series 3,3,afgerond,Week 11,32,4,Arjan Konterman,Arjan Konterman,23,52771,1853,85.44
Series 3,3,afgerond,Week 11,32,5,Ryan De Vreede,Ryan De_Vreede,25,65620,2311,85.18
Series 3,3,afgerond,Week 11,32,6,Mike Gillet,Mike Gillet,12,32541,1169,83.51
Series 3,3,afgerond,Week 11,32,7,Carl Hamilton,Carl Hamilton,12,31727,1169,81.42
Series 3,3,afgerond,Week 11,32,8,Franz Roetzsch,Franz Roetzsch,25,61745,2306,80.33
Series 3,3,afgerond,Week 11,32,9,Kevin Painter,Kevin Painter,27,65287,2442,80.21
Series 3,3,afgerond,Week 11,32,10,Kai Fan Leung,Kai_Fan Leung,10,27276,1041,78.61
Series 3,3,afgerond,Week 11,32,11,Jack Hill,Jack Hill,8,16712,656,76.43
Series 3,3,afgerond,Week 11,32,12,Tony O'Shea,Tony O'Shea,10,22246,952,70.1
Series 3,3,afgerond,Week 12,33,1,Darryl Pilgrim,Darryl Pilgrim,19,51947,1718,90.71
Series 3,3,afgerond,Week 12,33,2,Scott Mitchell,Scott Mitchell,8,21971,751,87.77
Series 3,3,afgerond,Week 12,33,3,Jim McEwan,Jim McEwan,26,70592,2413,87.76
Series 3,3,afgerond,Week 12,33,4,Andreas Harrysson,Andreas Harrysson,25,68927,2371,87.21
Series 3,3,afgerond,Week 12,33,5,Chris Quantock,Chris Quantock,25,66435,2311,86.24
Series 3,3,afgerond,Week 12,33,6,Colin Osborne,Colin Osborne,14,36482,1274,85.91
Series 3,3,afgerond,Week 12,33,7,Matthew Edgar,Matthew Edgar,11,28351,990,85.91
Series 3,3,afgerond,Week 12,33,8,Justin Smith,Justin Smith,12,32164,1172,82.33
Series 3,3,afgerond,Week 12,33,9,Martin Grearson,Martin Grearson,10,26734,976,82.17
Series 3,3,afgerond,Week 12,33,10,Jamie Durrant,Jamie Durrant,25,61009,2278,80.35
Series 3,3,afgerond,Week 12,33,11,Richie Parkin,Richie Parkin,8,18354,686,80.27
Series 3,3,afgerond,Week 12,33,12,Benito van de Pas,Benito van_de_Pas,25,61057,2393,76.54
Series 3,3,afgerond,Week 13,34,1,Luke Littler,Luke Littler,19,52243,1617,96.93
Series 3,3,afgerond,Week 13,34,2,Jon Worsley,Jon Worsley,10,28030,918,91.6
Series 3,3,afgerond,Week 13,34,3,Mike Warburton,Mike Warburton,23,60823,2000,91.23
Series 3,3,afgerond,Week 13,34,4,Owen Bates,Owen Bates,13,36711,1214,90.72
Series 3,3,afgerond,Week 13,34,5,Darryl Pilgrim,Darryl Pilgrim,10,23882,791,90.58
Series 3,3,afgerond,Week 13,34,6,Justin Hood,Justin Hood,25,66093,2214,89.56
Series 3,3,afgerond,Week 13,34,7,Jacob Taylor,Jacob Taylor,14,40179,1346,89.55
Series 3,3,afgerond,Week 13,34,8,Jelle Klaasen,Jelle Klaasen,25,67155,2261,89.1
Series 3,3,afgerond,Week 13,34,9,Steve West,Steve West,10,27753,943,88.29
Series 3,3,afgerond,Week 13,34,10,Matt Clark,Matt Clark,25,67013,2290,87.79
Series 3,3,afgerond,Week 13,34,11,Scott Taylor,Scott Taylor,26,68502,2346,87.6
Series 3,3,afgerond,Week 13,34,12,Mike Gillet,Mike Gillet,8,21616,756,85.78
Series 4,4,afgerond,Week 1,35,1,Lee Cocks,Lee Cocks,23,62269,2156,86.65
Series 4,4,afgerond,Week 1,35,2,Mal Cuming,Mal Cuming,25,67243,2341,86.17
Series 4,4,afgerond,Week 1,35,3,David Evans,David Evans,13,36815,1287,85.82
Series 4,4,afgerond,Week 1,35,4,Danny Lauby,Danny Lauby,29,76511,2705,84.86
Series 4,4,afgerond,Week 1,35,5,Ryan Palmer,Ryan Palmer,10,28414,1006,84.73
Series 4,4,afgerond,Week 1,35,6,Wesley Harms,Wesley Harms,27,70212,2487,84.69
Series 4,4,afgerond,Week 1,35,7,Robert Rickwood,Robert Rickwood,10,26542,943,84.44
Series 4,4,afgerond,Week 1,35,8,Moreno Blom,Moreno Blom,17,44686,1590,84.31
Series 4,4,afgerond,Week 1,35,9,Keelan Kay,Keelan Kay,8,19095,684,83.75
Series 4,4,afgerond,Week 1,35,10,Rob Collins,Rob Collins,11,29278,1069,82.16
Series 4,4,afgerond,Week 1,35,11,Charlie Large,Charlie Large,10,25689,949,81.21
Series 4,4,afgerond,Week 1,35,12,Youri Brouwer,Youri Brouwer,25,62717,2347,80.17
Series 4,4,afgerond,Week 2,36,1,Reece Robinson,Reece Robinson,12,34602,1142,90.9
Series 4,4,afgerond,Week 2,36,2,Dom Taylor,Dom Taylor,13,35259,1176,89.95
Series 4,4,afgerond,Week 2,36,3,Scott Walters,Scott Walters,13,35874,1203,89.46
Series 4,4,afgerond,Week 2,36,4,Chas Barstow,Chas Barstow,12,31886,1079,88.65
Series 4,4,afgerond,Week 2,36,5,Mike Warburton,Mike Warburton,17,46650,1604,87.25
Series 4,4,afgerond,Week 2,36,6,Jeremy Fagg,Jeremy Fagg,23,60684,2092,87.02
Series 4,4,afgerond,Week 2,36,7,Robert Thornton,Robert Thornton,25,61606,2139,86.4
Series 4,4,afgerond,Week 2,36,8,Mal Cuming,Mal Cuming,10,28198,988,85.62
Series 4,4,afgerond,Week 2,36,9,Andy Jenkins,Andy Jenkins,5,14234,501,85.23
Series 4,4,afgerond,Week 2,36,10,Sam Cankett,Sam Cankett,8,19719,713,82.97
Series 4,4,afgerond,Week 2,36,11,Mark Barilli,Mark Barilli,25,61126,2246,81.65
Series 4,4,afgerond,Week 2,36,12,John Desreumaux,John Desreumaux,25,59647,2214,80.82
Series 4,4,afgerond,Week 2,36,13,Sven Verdonck,Sven Verdonck,20,48790,1867,78.4
Series 4,4,afgerond,Week 3,37,1,Matt Dennant,Matt Dennant,11,29559,977,90.76
Series 4,4,afgerond,Week 3,37,2,Johnny Haines,Johnny Haines,10,26574,888,89.78
Series 4,4,afgerond,Week 3,37,3,Jeremy Fagg,Jeremy Fagg,10,27394,951,86.42
Series 4,4,afgerond,Week 3,37,4,Neil Duff,Neil Duff,19,53598,1871,85.94
Series 4,4,afgerond,Week 3,37,5,Conan Whitehead,Conan Whitehead,13,31342,1096,85.79
Series 4,4,afgerond,Week 3,37,6,Andy Jenkins,Andy Jenkins,8,23003,817,84.47
Series 4,4,afgerond,Week 3,37,7,Bradly Roes,Bradly Roes,29,77485,2822,82.37
Series 4,4,afgerond,Week 3,37,8,Adam Hunt,Adam Hunt,25,64535,2356,82.18
Series 4,4,afgerond,Week 3,37,9,Niall Culleton,Niall Culleton,23,62428,2282,82.07
Series 4,4,afgerond,Week 3,37,10,Stuart White,Stuart White,25,68512,2527,81.34
Series 4,4,afgerond,Week 3,37,11,Marvin van Velzen,Marvin van_Velzen,25,64756,2626,73.98
Series 4,4,afgerond,Week 3,37,12,Trina Gulliver,Trina Gulliver,10,22924,940,73.16
Series 4,4,afgerond,Week 4,38,1,Scott Baker,Scott Baker,12,31669,1033,91.97
Series 4,4,afgerond,Week 4,38,2,Christian Kist,Christian Kist,19,49016,1623,90.6
Series 4,4,afgerond,Week 4,38,3,Tommy Morris,Tommy Morris,5,12656,427,88.92
Series 4,4,afgerond,Week 4,38,4,Ryan Furness,Ryan Furness,11,31211,1073,87.26
Series 4,4,afgerond,Week 4,38,5,Colin Osborne,Colin Osborne,12,34408,1200,86.02
Series 4,4,afgerond,Week 4,38,6,Willie Borland,Willie Borland,10,25869,904,85.85
Series 4,4,afgerond,Week 4,38,7,Kevin Blomme,Kevin Blomme,23,58179,2054,84.97
Series 4,4,afgerond,Week 4,38,8,Martijn Dragt,Martijn Dragt,26,72398,2575,84.35
Series 4,4,afgerond,Week 4,38,9,Peter Hudson,Peter Hudson,27,73326,2642,83.26
Series 4,4,afgerond,Week 4,38,10,Adam Lipscombe,Adam Lipscombe,8,21457,782,82.32
Series 4,4,afgerond,Week 4,38,11,Philip van Gasse,Philip van_Gasse,25,64221,2344,82.19
Series 4,4,afgerond,Week 4,38,12,Kevin Painter,Kevin Painter,25,60478,2250,80.64
Series 4,4,afgerond,Week 4,38,13,Prakash Jiwa,Prakash Jiwa,5,12116,463,78.51
Series 4,4,afgerond,Week 5,39,1,Steve West,Steve West,12,32990,1088,90.97
Series 4,4,afgerond,Week 5,39,2,Shane McGuirk,Shane McGuirk,14,35718,1240,86.41
Series 4,4,afgerond,Week 5,39,3,Tommy Morris,Tommy Morris,18,45337,1579,86.14
Series 4,4,afgerond,Week 5,39,4,Patrick Maat,Patrick Maat,23,62070,2175,85.61
Series 4,4,afgerond,Week 5,39,5,Dan Read,Dan Read,10,25935,914,85.13
Series 4,4,afgerond,Week 5,39,6,Lisa Ashton,Lisa Ashton,25,67587,2398,84.55
Series 4,4,afgerond,Week 5,39,7,Jack Main,Jack Main,10,28344,1006,84.52
Series 4,4,afgerond,Week 5,39,8,Thibault Tricole,Thibault Tricole,25,69217,2484,83.6
Series 4,4,afgerond,Week 5,39,9,Daniel Lee,Daniel Lee,25,65839,2367,83.45
Series 4,4,afgerond,Week 5,39,10,Michel van der Horst,Michel van_der_Horst,25,69895,2553,82.13
Series 4,4,afgerond,Week 5,39,11,Ryan Harrington,Ryan Harrington,13,33170,1212,82.1
Series 4,4,afgerond,Week 5,39,12,Lee Shewan,Lee Shewan,4,10685,391,81.98
Series 4,4,afgerond,Week 5,39,13,Danny Smith,Danny Smith,4,11533,426,81.22
Series 4,4,afgerond,Week 6,40,1,Jim Long,Jim Long,18,49539,1620,91.74
Series 4,4,afgerond,Week 6,40,2,Berry van Peer,Berry van_Peer,27,75383,2552,88.62
Series 4,4,afgerond,Week 6,40,3,Fallon Sherrock,Fallon Sherrock,25,64791,2243,86.66
Series 4,4,afgerond,Week 6,40,4,Ron Meulenkamp,Ron Meulenkamp,25,66438,2309,86.32
Series 4,4,afgerond,Week 6,40,5,Scott Taylor,Scott Taylor,12,31998,1115,86.09
Series 4,4,afgerond,Week 6,40,6,Joey Ten Berge,Joey Ten_Berge,25,68912,2420,85.43
Series 4,4,afgerond,Week 6,40,7,Shaun McDonald,Shaun McDonald,8,21862,775,84.63
Series 4,4,afgerond,Week 6,40,8,Jamie Kelling,Jamie Kelling,12,33832,1211,83.81
Series 4,4,afgerond,Week 6,40,9,Alec Small,Alec Small,13,33562,1207,83.42
Series 4,4,afgerond,Week 6,40,10,John Brown,John Brown,25,64774,2342,82.97
Series 4,4,afgerond,Week 6,40,11,Alan Norris,Alan Norris,10,25405,924,82.48
Series 4,4,afgerond,Week 6,40,12,Lee Budgen,Lee Budgen,8,20638,758,81.68
Series 4,4,afgerond,Week 7,41,1,James Hurrell,James Hurrell,13,36050,1171,92.36
Series 4,4,afgerond,Week 7,41,2,Andy Boulton,Andy Boulton,19,52950,1741,91.24
Series 4,4,afgerond,Week 7,41,3,Owen Bates,Owen Bates,8,20861,697,89.79
Series 4,4,afgerond,Week 7,41,4,Sebastian Bialecki,Sebastian Bialecki,27,75210,2543,88.73
Series 4,4,afgerond,Week 7,41,5,Scott Mitchell,Scott Mitchell,13,33955,1149,88.66
Series 4,4,afgerond,Week 7,41,6,Alexander Merkx,Alexander Merkx,10,24932,844,88.62
Series 4,4,afgerond,Week 7,41,7,Tommy Lishman,Tommy Lishman,25,68148,2354,86.85
Series 4,4,afgerond,Week 7,41,8,Stefan Bellmont,Stefan Bellmont,25,64455,2269,85.22
Series 4,4,afgerond,Week 7,41,9,Paul Hogan,Paul Hogan,8,19764,699,84.82
Series 4,4,afgerond,Week 7,41,10,Thomas Junghans,Thomas Junghans,25,64935,2297,84.81
Series 4,4,afgerond,Week 7,41,11,Josh Richardson,Josh Richardson,10,24922,883,84.67
Series 4,4,afgerond,Week 7,41,12,Adam Atkinson,Adam Atkinson,25,55951,2169,77.39
Series 4,4,afgerond,Week 8,42,1,Andy Baetens,Andy Baetens,19,53261,1686,94.77
Series 4,4,afgerond,Week 8,42,2,Luke Littler,Luke Littler,27,75773,2420,93.93
Series 4,4,afgerond,Week 8,42,3,Matt Clark,Matt Clark,10,25493,837,91.37
Series 4,4,afgerond,Week 8,42,4,Chris Gilliland,Chris Gilliland,26,71963,2404,89.8
Series 4,4,afgerond,Week 8,42,5,Jordan Brooks,Jordan Brooks,10,25741,877,88.05
Series 4,4,afgerond,Week 8,42,6,Leonard Gates,Leonard Gates,25,69930,2406,87.19
Series 4,4,afgerond,Week 8,42,7,Harry Ward,Harry Ward,13,32819,1136,86.67
Series 4,4,afgerond,Week 8,42,8,James Richardson,James Richardson,27,70988,2479,85.91
Series 4,4,afgerond,Week 8,42,9,Geert De Vos,Geert De_Vos,25,64875,2266,85.89
Series 4,4,afgerond,Week 8,42,10,David Cameron,David Cameron,8,22023,783,84.38
Series 4,4,afgerond,Week 8,42,11,Ciaran Teehan,Ciaran Teehan,8,20485,747,82.27
Series 4,4,afgerond,Week 8,42,12,Lee Cocks,Lee Cocks,10,25902,946,82.14
Series 4,4,afgerond,Week 9,43,1,Lukas Wenig,Lukas Wenig,10,28512,961,89.01
Series 4,4,afgerond,Week 9,43,2,Chris Landman,Chris Landman,19,47771,1634,87.71
Series 4,4,afgerond,Week 9,43,3,Fallon Sherrock,Fallon Sherrock,11,29661,1029,86.48
Series 4,4,afgerond,Week 9,43,4,Cam Crabtree,Cam Crabtree,13,33455,1162,86.37
Series 4,4,afgerond,Week 9,43,5,Pete Burgoyne,Pete Burgoyne,8,19408,679,85.75
Series 4,4,afgerond,Week 9,43,6,David Davies,David Davies,25,66407,2340,85.14
Series 4,4,afgerond,Week 9,43,7,Jelle Klaasen,Jelle Klaasen,29,74754,2654,84.5
Series 4,4,afgerond,Week 9,43,8,Andy Jenkins,Andy Jenkins,23,62251,2291,81.52
Series 4,4,afgerond,Week 9,43,9,Stu Wilson,Stu Wilson,10,27369,1023,80.26
Series 4,4,afgerond,Week 9,43,10,Johan Van Velzen,Johan Van_Velzen,25,65204,2460,79.52
Series 4,4,afgerond,Week 9,43,11,Robin Beger,Robin Beger,25,60176,2371,76.14
Series 4,4,afgerond,Week 9,43,12,Adam Atkinson,Adam Atkinson,10,23957,961,74.79
Series 4,4,afgerond,Week 10,44,1,Darryl Pilgrim,Darryl Pilgrim,11,28950,978,88.8
Series 4,4,afgerond,Week 10,44,2,Adam Mould,Adam Mould,10,25496,875,87.41
Series 4,4,afgerond,Week 10,44,3,Rob Grundy,Rob Grundy,12,33427,1160,86.45
Series 4,4,afgerond,Week 10,44,4,Jon Worsley,Jon Worsley,28,70023,2484,84.57
Series 4,4,afgerond,Week 10,44,5,Chris Wickenden,Chris Wickenden,10,28320,1007,84.37
Series 4,4,afgerond,Week 10,44,6,Rene Eidams,Rene Eidams,19,48172,1749,82.63
Series 4,4,afgerond,Week 10,44,7,Steve Brown,Steve Brown,27,71070,2603,81.91
Series 4,4,afgerond,Week 10,44,8,Martyn Turner,Martyn Turner,8,21722,796,81.87
Series 4,4,afgerond,Week 10,44,9,Darren Johnson,Darren Johnson,10,25090,931,80.85
Series 4,4,afgerond,Week 10,44,10,Davie Kirwan,Davie Kirwan,23,58166,2160,80.79
Series 4,4,afgerond,Week 10,44,11,Jim Mayer,Jim Mayer,25,60587,2302,78.96
Series 4,4,afgerond,Week 10,44,12,Tom Becker,Tom Becker,25,56771,2309,73.76
Series 4,4,afgerond,Week 11,45,1,Gary Stone,Gary Stone,8,23405,779,90.13
Series 4,4,afgerond,Week 11,45,2,Alan Tabern,Alan Tabern,10,28520,966,88.57
Series 4,4,afgerond,Week 11,45,3,John Henderson,John Henderson,18,45893,1556,88.48
Series 4,4,afgerond,Week 11,45,4,Wesley Plaisier,Wesley Plaisier,26,66057,2256,87.84
Series 4,4,afgerond,Week 11,45,5,Mike Gillet,Mike Gillet,8,21189,727,87.44
Series 4,4,afgerond,Week 11,45,6,Justin Hood,Justin Hood,12,32062,1117,86.11
Series 4,4,afgerond,Week 11,45,7,Jarred Cole,Jarred Cole,29,77964,2763,84.65
Series 4,4,afgerond,Week 11,45,8,Patrick Van Den Boogaard,Patrick Van_Den_Boogaard,27,73323,2601,84.57
Series 4,4,afgerond,Week 11,45,9,Andy Hamilton,Andy Hamilton,10,28068,999,84.29
Series 4,4,afgerond,Week 11,45,10,Richard North,Richard North,10,26895,972,83.01
Series 4,4,afgerond,Week 11,45,11,Robbie King,Robbie King,25,67650,2448,82.9
Series 4,4,afgerond,Week 11,45,12,Michael Huntley,Michael Huntley,25,61973,2326,79.93
Series 4,4,afgerond,Week 12,46,1,Mark McGeeney,Mark McGeeney,8,19921,679,88.02
Series 4,4,afgerond,Week 12,46,2,Jeroen Mioch,Jeroen Mioch,19,48928,1671,87.84
Series 4,4,afgerond,Week 12,46,3,Robert Thornton,Robert Thornton,11,30359,1040,87.57
Series 4,4,afgerond,Week 12,46,4,Conor Heneghan,Conor Heneghan,27,71628,2467,87.1
Series 4,4,afgerond,Week 12,46,5,Dan Read,Dan Read,27,68484,2381,86.29
Series 4,4,afgerond,Week 12,46,6,Brett Claydon,Brett Claydon,11,30915,1078,86.03
Series 4,4,afgerond,Week 12,46,7,Robbie King,Robbie King,10,27189,949,85.95
Series 4,4,afgerond,Week 12,46,8,Reece Colley,Reece Colley,10,23924,853,84.14
Series 4,4,afgerond,Week 12,46,9,Charlie Large,Charlie Large,10,25712,940,82.06
Series 4,4,afgerond,Week 12,46,10,Martin Adams,Martin Adams,23,59633,2189,81.73
Series 4,4,afgerond,Week 12,46,11,Lewis Gurney,Lewis Gurney,27,72291,2670,81.23
Series 4,4,afgerond,Week 12,46,12,Gino Vos,Gino Vos,25,61418,2313,79.66
Series 4,4,afgerond,Week 13,47,1,Luke Littler,Luke Littler,27,74356,2394,93.18
Series 4,4,afgerond,Week 13,47,2,Steve West,Steve West,26,71971,2351,91.84
Series 4,4,afgerond,Week 13,47,3,Reece Robinson,Reece Robinson,27,70938,2339,90.99
Series 4,4,afgerond,Week 13,47,4,Danny Lauby,Danny Lauby,8,22082,747,88.68
Series 4,4,afgerond,Week 13,47,5,Andy Boulton,Andy Boulton,25,68129,2315,88.29
Series 4,4,afgerond,Week 13,47,6,Patrick Van Den Boogaard,Patrick Van_Den_Boogaard,10,27080,926,87.73
Series 4,4,afgerond,Week 13,47,7,Jeroen Mioch,Jeroen Mioch,17,44796,1534,87.61
Series 4,4,afgerond,Week 13,47,8,Berry van Peer,Berry van_Peer,28,76828,2659,86.68
Series 4,4,afgerond,Week 13,47,9,Jelle Klaasen,Jelle Klaasen,10,28984,1022,85.08
Series 4,4,afgerond,Week 13,47,10,Neil Duff,Neil Duff,8,16950,598,85.03
Series 4,4,afgerond,Week 13,47,11,Rene Eidams,Rene Eidams,10,27528,976,84.61
Series 4,4,afgerond,Week 13,47,12,Colin Osborne,Colin Osborne,12,29653,1070,83.14
Series 5,5,afgerond,Week 1,48,1,Sam Cankett,Sam Cankett,8,19630,668,88.16
Series 5,5,afgerond,Week 1,48,2,Mike Warburton,Mike Warburton,25,66685,2282,87.67
Series 5,5,afgerond,Week 1,48,3,Mark Dudbridge,Mark Dudbridge,10,29743,1022,87.31
Series 5,5,afgerond,Week 1,48,4,David Davies,David Davies,8,20323,701,86.97
Series 5,5,afgerond,Week 1,48,5,Matt Clark,Matt Clark,19,52846,1830,86.63
Series 5,5,afgerond,Week 1,48,6,Jamie Kelling,Jamie Kelling,13,36591,1285,85.43
Series 5,5,afgerond,Week 1,48,7,Tommy Morris,Tommy Morris,28,75686,2662,85.3
Series 5,5,afgerond,Week 1,48,8,Wayne Jones,Wayne Jones,27,71496,2515,85.28
Series 5,5,afgerond,Week 1,48,9,Lee Budgen,Lee Budgen,10,27061,978,83.01
Series 5,5,afgerond,Week 1,48,10,Ryan De Vreede,Ryan De_Vreede,25,65311,2370,82.67
Series 5,5,afgerond,Week 1,48,11,Chris Hurds,Chris Hurds,10,26537,991,80.33
Series 5,5,afgerond,Week 1,48,12,Patrick Maat,Patrick Maat,25,64112,2428,79.22
Series 5,5,afgerond,Week 2,49,1,Darryl Pilgrim,Darryl Pilgrim,19,50551,1578,96.1
Series 5,5,afgerond,Week 2,49,2,Dom Taylor,Dom Taylor,14,37409,1234,90.95
Series 5,5,afgerond,Week 2,49,3,Scott Taylor,Scott Taylor,25,66287,2213,89.86
Series 5,5,afgerond,Week 2,49,4,Arjan Konterman,Arjan Konterman,25,63133,2141,88.46
Series 5,5,afgerond,Week 2,49,5,Justin Smith,Justin Smith,28,71598,2467,87.07
Series 5,5,afgerond,Week 2,49,6,Dennie Olde Kalter,Dennie Olde_Kalter,26,69218,2395,86.7
Series 5,5,afgerond,Week 2,49,7,Rob Collins,Rob Collins,10,26081,910,85.98
Series 5,5,afgerond,Week 2,49,8,Matt Dennant,Matt Dennant,8,22431,787,85.51
Series 5,5,afgerond,Week 2,49,9,Tony Wood,Tony Wood,10,24539,864,85.2
Series 5,5,afgerond,Week 2,49,10,Niall Culleton,Niall Culleton,25,62248,2241,83.33
Series 5,5,afgerond,Week 2,49,11,Dave Prins,Dave Prins,8,19526,713,82.16
Series 5,5,afgerond,Week 2,49,12,Charlie Large,Charlie Large,10,24820,914,81.47
Series 5,5,afgerond,Week 3,50,1,Shaun McDonald,Shaun McDonald,10,28861,941,92.01
Series 5,5,afgerond,Week 3,50,2,John Henderson,John Henderson,18,48337,1586,91.43
Series 5,5,afgerond,Week 3,50,3,Scott Marsh,Scott Marsh,10,27123,931,87.4
Series 5,5,afgerond,Week 3,50,4,Mareno Michels,Mareno Michels,27,70667,2437,86.99
Series 5,5,afgerond,Week 3,50,5,James Hurrell,James Hurrell,23,63191,2182,86.88
Series 5,5,afgerond,Week 3,50,6,Scott Baker,Scott Baker,13,35154,1222,86.3
Series 5,5,afgerond,Week 3,50,7,Fallon Sherrock,Fallon Sherrock,29,80151,2810,85.57
Series 5,5,afgerond,Week 3,50,8,Ryan Furness,Ryan Furness,8,19739,707,83.76
Series 5,5,afgerond,Week 3,50,9,Darren Johnson,Darren Johnson,10,27178,976,83.54
Series 5,5,afgerond,Week 3,50,10,Marko Kantele,Marko Kantele,25,63983,2317,82.84
Series 5,5,afgerond,Week 3,50,11,Adam Lipscombe,Adam Lipscombe,25,66364,2440,81.6
Series 5,5,afgerond,Week 3,50,12,Sam Cromwell,Sam Cromwell,10,22133,922,72.02
Series 5,5,afgerond,Week 4,51,1,Conan Whitehead,Conan Whitehead,19,54517,1823,89.72
Series 5,5,afgerond,Week 4,51,2,Steve West,Steve West,26,70688,2380,89.1
Series 5,5,afgerond,Week 4,51,3,Colin Osborne,Colin Osborne,25,66943,2286,87.85
Series 5,5,afgerond,Week 4,51,4,Dan Read,Dan Read,8,19792,682,87.06
Series 5,5,afgerond,Week 4,51,5,Scott Walters,Scott Walters,10,27566,952,86.87
Series 5,5,afgerond,Week 4,51,6,Willie Borland,Willie Borland,12,31624,1095,86.64
Series 5,5,afgerond,Week 4,51,7,Johnny Haines,Johnny Haines,25,66877,2340,85.74
Series 5,5,afgerond,Week 4,51,8,Scott Campbell,Scott Campbell,13,34850,1220,85.7
Series 5,5,afgerond,Week 4,51,9,Wesley Harms,Wesley Harms,23,61781,2175,85.22
Series 5,5,afgerond,Week 4,51,10,Richard North,Richard North,12,32481,1184,82.3
Series 5,5,afgerond,Week 4,51,11,Alan Norris,Alan Norris,25,62919,2320,81.36
Series 5,5,afgerond,Week 4,51,12,Ben Payne,Ben Payne,10,26914,1007,80.18
Series 5,5,afgerond,Week 5,52,1,Owen Bates,Owen Bates,11,28194,948,89.22
Series 5,5,afgerond,Week 5,52,2,Rhys Griffin,Rhys Griffin,25,65346,2263,86.63
Series 5,5,afgerond,Week 5,52,3,Anton Ostlund,Anton Ostlund,29,80669,2819,85.85
Series 5,5,afgerond,Week 5,52,4,Benjamin Drue Reus,Benjamin Drue_Reus,25,68732,2419,85.24
Series 5,5,afgerond,Week 5,52,5,Joe Croft,Joe Croft,10,26208,929,84.63
Series 5,5,afgerond,Week 5,52,6,Conor Heneghan,Conor Heneghan,18,49418,1760,84.24
Series 5,5,afgerond,Week 5,52,7,David Wawrzewski,David Wawrzewski,10,25836,942,82.28
Series 5,5,afgerond,Week 5,52,8,Mindaugas Barauskas,Mindaugas Barauskas,25,66495,2438,81.82
Series 5,5,afgerond,Week 5,52,9,Ryan Harrington,Ryan Harrington,14,38430,1431,80.57
Series 5,5,afgerond,Week 5,52,10,Leighton Bennett,Leighton Bennett,25,60309,2318,78.05
Series 5,5,afgerond,Week 5,52,11,Harry Gregory,Harry Gregory,8,22036,876,75.47
Series 5,5,afgerond,Week 5,52,12,Trina Gulliver,Trina Gulliver,8,18365,771,71.46
Series 5,5,afgerond,Week 6,53,1,Rob Grundy,Rob Grundy,14,40488,1368,88.79
Series 5,5,afgerond,Week 6,53,2,Adam Hunt,Adam Hunt,26,68010,2304,88.55
Series 5,5,afgerond,Week 6,53,3,Robert Thornton,Robert Thornton,27,74384,2549,87.54
Series 5,5,afgerond,Week 6,53,4,Paul Hogan,Paul Hogan,12,30339,1044,87.18
Series 5,5,afgerond,Week 6,53,5,Berry van Peer,Berry van_Peer,18,45922,1585,86.92
Series 5,5,afgerond,Week 6,53,6,Thibault Tricole,Thibault Tricole,23,60631,2110,86.21
Series 5,5,afgerond,Week 6,53,7,Chas Barstow,Chas Barstow,10,26249,921,85.5
Series 5,5,afgerond,Week 6,53,8,Stu Wilson,Stu Wilson,8,19453,683,85.45
Series 5,5,afgerond,Week 6,53,9,Martyn Turner,Martyn Turner,10,25873,924,84.0
Series 5,5,afgerond,Week 6,53,10,Carl Sneyd,Carl Sneyd,10,29071,1059,82.35
Series 5,5,afgerond,Week 6,53,11,Scott Winder,Scott Winder,25,62356,2351,79.57
Series 5,5,afgerond,Week 6,53,12,Jerry Hendriks,Jerry Hendriks,25,59968,2303,78.12
Series 5,5,afgerond,Week 7,54,1,Andreas Harrysson,Andreas Harrysson,19,49614,1642,90.65
Series 5,5,afgerond,Week 7,54,2,Haruki Muramatsu,Haruki Muramatsu,25,68154,2307,88.63
Series 5,5,afgerond,Week 7,54,3,Tommy Lishman,Tommy Lishman,8,22210,765,87.1
Series 5,5,afgerond,Week 7,54,4,Shane McGuirk,Shane McGuirk,13,34652,1198,86.77
Series 5,5,afgerond,Week 7,54,5,Alec Small,Alec Small,13,38730,1354,85.81
Series 5,5,afgerond,Week 7,54,6,Mike Gillet,Mike Gillet,10,26192,925,84.95
Series 5,5,afgerond,Week 7,54,7,Cor Dekker,Cor Dekker,25,68899,2435,84.89
Series 5,5,afgerond,Week 7,54,8,Kevin Painter,Kevin Painter,27,76876,2725,84.63
Series 5,5,afgerond,Week 7,54,9,Ryan Palmer,Ryan Palmer,8,18716,670,83.8
Series 5,5,afgerond,Week 7,54,10,Chris Wickenden,Chris Wickenden,25,69825,2532,82.73
Series 5,5,afgerond,Week 7,54,11,Mikuru Suzuki,Mikuru Suzuki,25,59555,2263,78.95
Series 5,5,afgerond,Week 7,54,12,Ricky Palmer,Ricky Palmer,10,28488,1083,78.91
Series 5,5,afgerond,Week 8,55,1,Alex Spellman,Alex Spellman,18,50448,1655,91.45
Series 5,5,afgerond,Week 8,55,2,Jon Worsley,Jon Worsley,12,30395,1005,90.73
Series 5,5,afgerond,Week 8,55,3,Neil Duff,Neil Duff,26,69962,2370,88.56
Series 5,5,afgerond,Week 8,55,4,Tom Sykes,Tom Sykes,10,25539,867,88.37
Series 5,5,afgerond,Week 8,55,5,Chris Quantock,Chris Quantock,12,31708,1095,86.87
Series 5,5,afgerond,Week 8,55,6,Bradly Roes,Bradly Roes,29,77597,2743,84.87
Series 5,5,afgerond,Week 8,55,7,Jarred Cole,Jarred Cole,25,67980,2408,84.69
Series 5,5,afgerond,Week 8,55,8,Josh Richardson,Josh Richardson,10,27648,988,83.95
Series 5,5,afgerond,Week 8,55,9,Christopher Toonders,Christopher Toonders,25,67161,2405,83.78
Series 5,5,afgerond,Week 8,55,10,James Richardson,James Richardson,25,67101,2408,83.6
Series 5,5,afgerond,Week 8,55,11,Richie Howson,Richie Howson,8,18780,687,82.01
Series 5,5,afgerond,Week 8,55,12,John Brown,John Brown,8,19761,724,81.88
Series 5,5,afgerond,Week 9,56,1,Luke Littler,Luke Littler,18,45734,1439,95.35
Series 5,5,afgerond,Week 9,56,2,Andy Boulton,Andy Boulton,27,73665,2514,87.91
Series 5,5,afgerond,Week 9,56,3,Sebastian Bialecki,Sebastian Bialecki,29,79646,2722,87.78
Series 5,5,afgerond,Week 9,56,4,Jelle Klaasen,Jelle Klaasen,10,22800,794,86.15
Series 5,5,afgerond,Week 9,56,5,Alexander Merkx,Alexander Merkx,25,65592,2295,85.74
Series 5,5,afgerond,Week 9,56,6,Richard Hosey,Richard Hosey,10,27714,981,84.75
Series 5,5,afgerond,Week 9,56,7,Harry Ward,Harry Ward,13,37735,1337,84.67
Series 5,5,afgerond,Week 9,56,8,Patrick Van Den Boogaard,Patrick Van_Den_Boogaard,25,63708,2262,84.49
Series 5,5,afgerond,Week 9,56,9,Geoff Murray,Geoff Murray,10,25159,933,80.9
Series 5,5,afgerond,Week 9,56,10,Jordan Brooks,Jordan Brooks,8,20745,776,80.2
Series 5,5,afgerond,Week 9,56,11,Mark Hylton,Mark Hylton,8,18030,694,77.94
Series 5,5,afgerond,Week 9,56,12,Willem Mandigers,Willem Mandigers,25,58131,2247,77.61
Series 5,5,afgerond,Week 10,57,1,Cam Crabtree,Cam Crabtree,10,26451,913,86.91
Series 5,5,afgerond,Week 10,57,2,Jim Long,Jim Long,19,52598,1820,86.7
Series 5,5,afgerond,Week 10,57,3,Jim McEwan,Jim McEwan,12,31391,1091,86.32
Series 5,5,afgerond,Week 10,57,4,Dan Read,Dan Read,11,29247,1033,84.94
Series 5,5,afgerond,Week 10,57,5,Adam Mould,Adam Mould,12,32555,1162,84.05
Series 5,5,afgerond,Week 10,57,6,Tommy Morris,Tommy Morris,12,31024,1109,83.92
Series 5,5,afgerond,Week 10,57,7,Ciaran Teehan,Ciaran Teehan,8,19286,694,83.37
Series 5,5,afgerond,Week 10,57,8,Viktor Tingstrom,Viktor Tingstrom,25,66109,2383,83.23
Series 5,5,afgerond,Week 10,57,9,Oskar Lukasiak,Oskar Lukasiak,26,68784,2483,83.11
Series 5,5,afgerond,Week 10,57,10,Dmitriy Zhukov,Dmitriy Zhukov,23,61365,2216,83.08
Series 5,5,afgerond,Week 10,57,11,Rene Eidams,Rene Eidams,25,68267,2531,80.92
Series 5,5,afgerond,Week 10,57,12,Connor Hopkins,Connor Hopkins,25,59419,2322,76.77
Series 5,5,afgerond,Week 11,58,1,Matt Dennant,Matt Dennant,12,31190,1019,91.83
Series 5,5,afgerond,Week 11,58,2,Scott Taylor,Scott Taylor,14,38247,1261,90.99
Series 5,5,afgerond,Week 11,58,3,Reece Robinson,Reece Robinson,18,44981,1512,89.25
Series 5,5,afgerond,Week 11,58,4,James Richardson,James Richardson,10,30378,1041,87.54
Series 5,5,afgerond,Week 11,58,5,Jarno Bottenberg,Jarno Bottenberg,25,67682,2333,87.03
Series 5,5,afgerond,Week 11,58,6,Tom Lonsdale,Tom Lonsdale,26,70796,2467,86.09
Series 5,5,afgerond,Week 11,58,7,Lee Cocks,Lee Cocks,23,64535,2314,83.67
Series 5,5,afgerond,Week 11,58,8,David Schlichting,David Schlichting,27,70617,2534,83.6
Series 5,5,afgerond,Week 11,58,9,Andy Hamilton,Andy Hamilton,10,25275,921,82.33
Series 5,5,afgerond,Week 11,58,10,Kevin Edwards,Kevin Edwards,8,23294,864,80.88
Series 5,5,afgerond,Week 11,58,11,David Davies,David Davies,10,25921,969,80.25
Series 5,5,afgerond,Week 11,58,12,Steve Brown,Steve Brown,25,64693,2445,79.38
Series 5,5,afgerond,Week 12,59,1,Robert Thornton,Robert Thornton,11,28861,958,90.38
Series 5,5,afgerond,Week 12,59,2,Steve West,Steve West,12,30553,1034,88.65
Series 5,5,afgerond,Week 12,59,3,Justin Hood,Justin Hood,13,35691,1219,87.84
Series 5,5,afgerond,Week 12,59,4,Danny Lauby,Danny Lauby,10,25950,921,84.53
Series 5,5,afgerond,Week 12,59,5,David Evans,David Evans,17,43563,1549,84.37
Series 5,5,afgerond,Week 12,59,6,Fallon Sherrock,Fallon Sherrock,23,61642,2196,84.21
Series 5,5,afgerond,Week 12,59,7,Reece Colley,Reece Colley,14,32050,1171,82.11
Series 5,5,afgerond,Week 12,59,8,Martin Adams,Martin Adams,25,63287,2355,80.62
Series 5,5,afgerond,Week 12,59,9,Michael Huntley,Michael Huntley,25,63689,2418,79.02
Series 5,5,afgerond,Week 12,59,10,Stefan Schroder,Stefan Schroder,23,55155,2101,78.76
Series 5,5,afgerond,Week 12,59,11,Mario Robbe,Mario Robbe,25,61555,2356,78.38
Series 5,5,afgerond,Week 12,59,12,Kevin Dowling,Kevin Dowling,10,22233,908,73.46
Series 5,5,afgerond,Week 13,60,1,Jim McEwan,Jim McEwan,14,37833,1229,92.35
Series 5,5,afgerond,Week 13,60,2,Steve West,Steve West,25,61799,2044,90.7
Series 5,5,afgerond,Week 13,60,3,Darryl Pilgrim,Darryl Pilgrim,10,27160,901,90.43
Series 5,5,afgerond,Week 13,60,4,Matt Dennant,Matt Dennant,25,61762,2062,89.86
Series 5,5,afgerond,Week 13,60,5,Rob Grundy,Rob Grundy,25,63762,2154,88.81
Series 5,5,afgerond,Week 13,60,6,Andreas Harrysson,Andreas Harrysson,18,49188,1662,88.79
Series 5,5,afgerond,Week 13,60,7,Conan Whitehead,Conan Whitehead,23,64102,2166,88.78
Series 5,5,afgerond,Week 13,60,8,Mareno Michels,Mareno Michels,12,32738,1110,88.48
Series 5,5,afgerond,Week 13,60,9,Matt Clark,Matt Clark,10,24787,865,85.97
Series 5,5,afgerond,Week 13,60,10,Anton Ostlund,Anton Ostlund,10,28070,982,85.75
Series 5,5,afgerond,Week 13,60,11,Sebastian Bialecki,Sebastian Bialecki,28,67599,2389,84.89
Series 5,5,afgerond,Week 13,60,12,Chris Quantock,Chris Quantock,8,20818,740,84.4
Series 6,6,afgerond,Week 1,61,1,Thibault Tricole,Thibault Tricole,17,44112,1476,89.66
Series 6,6,afgerond,Week 1,61,2,Jarred Cole,Jarred Cole,10,25013,866,86.65
Series 6,6,afgerond,Week 1,61,3,Willie Borland,Willie Borland,27,69707,2423,86.31
Series 6,6,afgerond,Week 1,61,4,Harry Ward,Harry Ward,26,71331,2494,85.8
Series 6,6,afgerond,Week 1,61,5,Rob Grundy,Rob Grundy,8,20718,725,85.73
Series 6,6,afgerond,Week 1,61,6,Geoff Murray,Geoff Murray,10,27055,963,84.28
Series 6,6,afgerond,Week 1,61,7,Charlie Large,Charlie Large,13,35664,1281,83.52
Series 6,6,afgerond,Week 1,61,8,Danny Smith,Danny Smith,8,22195,807,82.51
Series 6,6,afgerond,Week 1,61,9,Felix Schiertz,Felix Schiertz,25,62782,2341,80.46
Series 6,6,afgerond,Week 1,61,10,Nico Blum,Nico Blum,29,74583,2822,79.29
Series 6,6,afgerond,Week 1,61,11,Keelan Kay,Keelan Kay,10,26156,1000,78.47
Series 6,6,afgerond,Week 1,61,12,Thomas Banks,Thomas Banks,25,61237,2459,74.71
Series 6,6,afgerond,Week 2,62,1,Dom Taylor,Dom Taylor,27,68269,2145,95.48
Series 6,6,afgerond,Week 2,62,2,Andy Boulton,Andy Boulton,27,75295,2494,90.57
Series 6,6,afgerond,Week 2,62,3,Scott Mitchell,Scott Mitchell,27,72249,2414,89.79
Series 6,6,afgerond,Week 2,62,4,Mike Gillet,Mike Gillet,8,20308,681,89.46
Series 6,6,afgerond,Week 2,62,5,Jamie Kelling,Jamie Kelling,13,37233,1251,89.29
Series 6,6,afgerond,Week 2,62,6,Anton Ostlund,Anton Ostlund,25,68856,2343,88.16
Series 6,6,afgerond,Week 2,62,7,Viktor Tingstrom,Viktor Tingstrom,18,45667,1564,87.6
Series 6,6,afgerond,Week 2,62,8,Adam Lipscombe,Adam Lipscombe,10,28110,975,86.49
Series 6,6,afgerond,Week 2,62,9,Tommy Morris,Tommy Morris,10,25870,906,85.66
Series 6,6,afgerond,Week 2,62,10,Scott Marsh,Scott Marsh,8,20468,726,84.58
Series 6,6,afgerond,Week 2,62,11,Adam Mould,Adam Mould,10,29961,1075,83.61
Series 6,6,afgerond,Week 2,62,12,Nathan Treadgold,Nathan Treadgold,25,60907,2262,80.78
Series 6,6,afgerond,Week 3,63,1,Leonard Gates,Leonard Gates,27,73637,2419,91.32
Series 6,6,afgerond,Week 3,63,2,Martin Thomas,Martin Thomas,11,27663,946,87.73
Series 6,6,afgerond,Week 3,63,3,Chas Barstow,Chas Barstow,12,31631,1091,86.98
Series 6,6,afgerond,Week 3,63,4,Jim McEwan,Jim McEwan,25,71454,2471,86.75
Series 6,6,afgerond,Week 3,63,5,Joe Croft,Joe Croft,8,21544,747,86.52
Series 6,6,afgerond,Week 3,63,6,James Richardson,James Richardson,23,60188,2092,86.31
Series 6,6,afgerond,Week 3,63,7,Jake Macmillan,Jake Macmillan,17,43087,1503,86.0
Series 6,6,afgerond,Week 3,63,8,Brett Claydon,Brett Claydon,10,27402,965,85.19
Series 6,6,afgerond,Week 3,63,9,Johan Engstrom,Johan Engstrom,27,71961,2562,84.26
Series 6,6,afgerond,Week 3,63,10,Darren Johnson,Darren Johnson,13,33626,1252,80.57
Series 6,6,afgerond,Week 3,63,11,Jan McIntosh,Jan McIntosh,25,64506,2430,79.64
Series 6,6,afgerond,Week 3,63,12,Alan Norris,Alan Norris,10,24856,941,79.24
Series 6,6,afgerond,Week 4,64,1,Danny Lauby,Danny Lauby,27,74407,2484,89.86
Series 6,6,afgerond,Week 4,64,2,Stefan Bellmont,Stefan Bellmont,27,71536,2439,87.99
Series 6,6,afgerond,Week 4,64,3,Jacob Taylor,Jacob Taylor,26,73133,2512,87.34
Series 6,6,afgerond,Week 4,64,4,Marcel Walpen,Marcel Walpen,18,48921,1704,86.13
Series 6,6,afgerond,Week 4,64,5,Cam Crabtree,Cam Crabtree,12,28581,996,86.09
Series 6,6,afgerond,Week 4,64,6,Adam Hunt,Adam Hunt,27,67271,2351,85.84
Series 6,6,afgerond,Week 4,64,7,Cor Dekker,Cor Dekker,10,27150,977,83.37
Series 6,6,afgerond,Week 4,64,8,Richard North,Richard North,8,21279,769,83.01
Series 6,6,afgerond,Week 4,64,9,Scott Walters,Scott Walters,10,25574,949,80.85
Series 6,6,afgerond,Week 4,64,10,Mat Caste,Mat Caste,10,26288,984,80.15
Series 6,6,afgerond,Week 4,64,11,Niall Culleton,Niall Culleton,25,66519,2490,80.14
Series 6,6,afgerond,Week 4,64,12,Rob Collins,Rob Collins,8,20214,761,79.69
Series 6,6,afgerond,Week 5,65,1,Steve West,Steve West,27,73303,2393,91.9
Series 6,6,afgerond,Week 5,65,2,Shane McGuirk,Shane McGuirk,8,22916,755,91.06
Series 6,6,afgerond,Week 5,65,3,Ben Robb,Ben Robb,19,50945,1722,88.75
Series 6,6,afgerond,Week 5,65,4,Mike Warburton,Mike Warburton,11,31525,1078,87.73
Series 6,6,afgerond,Week 5,65,5,Conor Heneghan,Conor Heneghan,11,29164,1013,86.37
Series 6,6,afgerond,Week 5,65,6,Jeffrey de Graaf,Jeffrey de_Graaf,23,61049,2159,84.83
Series 6,6,afgerond,Week 5,65,7,Marko Kantele,Marko Kantele,25,70004,2485,84.51
Series 6,6,afgerond,Week 5,65,8,Tony Wood,Tony Wood,25,67320,2430,83.11
Series 6,6,afgerond,Week 5,65,9,Simon Adams,Simon Adams,27,68245,2485,82.39
Series 6,6,afgerond,Week 5,65,10,Ryan Furness,Ryan Furness,12,30694,1119,82.29
Series 6,6,afgerond,Week 5,65,11,Stu Wilson,Stu Wilson,10,26479,981,80.98
Series 6,6,afgerond,Week 5,65,12,Kevin Dowling,Kevin Dowling,10,24741,968,76.68
Series 6,6,afgerond,Week 6,66,1,Andreas Harrysson,Andreas Harrysson,19,51243,1655,92.89
Series 6,6,afgerond,Week 6,66,2,John Henderson,John Henderson,26,69810,2292,91.37
Series 6,6,afgerond,Week 6,66,3,Justin Smith,Justin Smith,10,27163,918,88.77
Series 6,6,afgerond,Week 6,66,4,Haupai Puha,Haupai Puha,10,27224,926,88.2
Series 6,6,afgerond,Week 6,66,5,Richie Howson,Richie Howson,14,37252,1275,87.65
Series 6,6,afgerond,Week 6,66,6,Alec Small,Alec Small,10,27340,943,86.98
Series 6,6,afgerond,Week 6,66,7,Bradly Roes,Bradly Roes,23,61844,2173,85.38
Series 6,6,afgerond,Week 6,66,8,Adrian Gray,Adrian Gray,13,35315,1242,85.3
Series 6,6,afgerond,Week 6,66,9,Chris Wickenden,Chris Wickenden,25,65779,2324,84.91
Series 6,6,afgerond,Week 6,66,10,Scott Mitchell,Scott Mitchell,15,39401,1395,84.73
Series 6,6,afgerond,Week 6,66,11,A. Toft-Jørgensen,A. Toft-Jørgensen,25,65030,2331,83.69
Series 6,6,afgerond,Week 6,66,12,David Schlichting,David Schlichting,8,19763,747,79.37
Series 6,6,afgerond,Week 6,66,13,Norbert Attard,Norbert Attard,10,21204,831,76.55
Series 6,6,afgerond,Week 7,67,1,Darryl Pilgrim,Darryl Pilgrim,23,62249,2044,91.36
Series 6,6,afgerond,Week 7,67,2,Ron Meulenkamp,Ron Meulenkamp,14,37876,1261,90.11
Series 6,6,afgerond,Week 7,67,3,Paul Hogan,Paul Hogan,11,30334,1042,87.33
Series 6,6,afgerond,Week 7,67,4,Colin Osborne,Colin Osborne,20,56633,1963,86.55
Series 6,6,afgerond,Week 7,67,5,Conan Whitehead,Conan Whitehead,18,48538,1690,86.16
Series 6,6,afgerond,Week 7,67,6,Chris Landman,Chris Landman,22,61041,2137,85.69
Series 6,6,afgerond,Week 7,67,7,Jeroen Caron,Jeroen Caron,20,55012,1931,85.47
Series 6,6,afgerond,Week 7,67,8,Robert Thornton,Robert Thornton,12,31883,1132,84.5
Series 6,6,afgerond,Week 7,67,9,David Davies,David Davies,10,28654,1024,83.95
Series 6,6,afgerond,Week 7,67,10,Steve Brown,Steve Brown,10,25841,955,81.18
Series 6,6,afgerond,Week 7,67,11,Kevin Garcia,Kevin Garcia,10,25395,965,78.95
Series 6,6,afgerond,Week 7,67,12,Glen Durrant,Glen Durrant,8,21687,840,77.45
Series 6,6,afgerond,Week 8,68,1,Neil Duff,Neil Duff,19,52138,1782,87.77
Series 6,6,afgerond,Week 8,68,2,Colin McGarry,Colin McGarry,28,72833,2500,87.4
Series 6,6,afgerond,Week 8,68,3,Jon Worsley,Jon Worsley,25,65406,2250,87.21
Series 6,6,afgerond,Week 8,68,4,Gary Stone,Gary Stone,12,30671,1061,86.72
Series 6,6,afgerond,Week 8,68,5,Martin Adams,Martin Adams,11,31297,1093,85.9
Series 6,6,afgerond,Week 8,68,6,Andy Hamilton,Andy Hamilton,12,32632,1149,85.2
Series 6,6,afgerond,Week 8,68,7,Michel van der Horst,Michel van_der_Horst,23,63298,2262,83.95
Series 6,6,afgerond,Week 8,68,8,Matthew Edgar,Matthew Edgar,8,21216,771,82.55
Series 6,6,afgerond,Week 8,68,9,Matt Clark,Matt Clark,25,66326,2422,82.15
Series 6,6,afgerond,Week 8,68,10,Simon Preston,Simon Preston,10,26692,980,81.71
Series 6,6,afgerond,Week 8,68,11,Bram Van Dijk,Bram Van_Dijk,25,63575,2358,80.88
Series 6,6,afgerond,Week 8,68,12,Trina Gulliver,Trina Gulliver,10,21314,894,71.52
Series 6,6,afgerond,Week 9,69,1,Wayne Jones,Wayne Jones,12,32362,1087,89.32
Series 6,6,afgerond,Week 9,69,2,Jim McEwan,Jim McEwan,11,32196,1090,88.61
Series 6,6,afgerond,Week 9,69,3,Mark Dudbridge,Mark Dudbridge,13,34144,1168,87.7
Series 6,6,afgerond,Week 9,69,4,Kevin Painter,Kevin Painter,12,32540,1158,84.3
Series 6,6,afgerond,Week 9,69,5,Tony O'Shea,Tony O'Shea,8,22482,815,82.76
Series 6,6,afgerond,Week 9,69,6,Kristiaan De Boer,Kristiaan De_Boer,17,47974,1741,82.67
Series 6,6,afgerond,Week 9,69,7,Mareno Michels,Mareno Michels,27,76060,2790,81.78
Series 6,6,afgerond,Week 9,69,8,Scott Walters,Scott Walters,23,60322,2259,80.11
Series 6,6,afgerond,Week 9,69,9,Steven Plumstead,Steven Plumstead,25,68933,2589,79.88
Series 6,6,afgerond,Week 9,69,10,Ricky Palmer,Ricky Palmer,10,28920,1089,79.67
Series 6,6,afgerond,Week 9,69,11,JT Davis,JT Davis,25,66364,2530,78.69
Series 6,6,afgerond,Week 9,69,12,Lisa Ashton,Lisa Ashton,15,38913,1487,78.51
Series 6,6,afgerond,Week 9,69,13,Charlie Large,Charlie Large,10,24517,946,77.75
Series 6,6,afgerond,Week 10,70,1,Darren Webster,Darren Webster,12,33118,1102,90.16
Series 6,6,afgerond,Week 10,70,2,Kurt Parry,Kurt Parry,26,68716,2316,89.01
Series 6,6,afgerond,Week 10,70,3,Connor Scutt,Connor Scutt,10,26091,885,88.44
Series 6,6,afgerond,Week 10,70,4,James Wilson,James Wilson,13,35380,1215,87.36
Series 6,6,afgerond,Week 10,70,5,Tom Sykes,Tom Sykes,14,37355,1285,87.21
Series 6,6,afgerond,Week 10,70,6,Tom Lonsdale,Tom Lonsdale,8,19673,682,86.54
Series 6,6,afgerond,Week 10,70,7,Brian Raman,Brian Raman,17,44550,1555,85.95
Series 6,6,afgerond,Week 10,70,8,James Vanbesien,James Vanbesien,25,64519,2255,85.83
Series 6,6,afgerond,Week 10,70,9,Chris Quantock,Chris Quantock,8,20172,708,85.47
Series 6,6,afgerond,Week 10,70,10,Alex Spellman,Alex Spellman,25,66092,2336,84.88
Series 6,6,afgerond,Week 10,70,11,Lee Budgen,Lee Budgen,25,64996,2358,82.69
Series 6,6,afgerond,Week 10,70,12,Tom Van den Hoogen,Tom Van_den_Hoogen,25,55353,2200,75.48
Series 6,6,afgerond,Week 11,71,1,Justin Hood,Justin Hood,13,35458,1185,89.77
Series 6,6,afgerond,Week 11,71,2,Joe Murnan,Joe Murnan,10,26434,904,87.72
Series 6,6,afgerond,Week 11,71,3,Gilbert Van Der Meijden,Gilbert Van_Der_Meijden,25,69975,2419,86.78
Series 6,6,afgerond,Week 11,71,4,Chris Gilliland,Chris Gilliland,17,49146,1705,86.47
Series 6,6,afgerond,Week 11,71,5,Ryan Harrington,Ryan Harrington,12,31149,1081,86.44
Series 6,6,afgerond,Week 11,71,6,Harry Gregory,Harry Gregory,11,30511,1076,85.07
Series 6,6,afgerond,Week 11,71,7,Carl Sneyd,Carl Sneyd,23,61819,2195,84.49
Series 6,6,afgerond,Week 11,71,8,Reece Colley,Reece Colley,14,38033,1351,84.46
Series 6,6,afgerond,Week 11,71,9,Haruki Muramatsu,Haruki Muramatsu,23,64230,2333,82.59
Series 6,6,afgerond,Week 11,71,10,Mikuru Suzuki,Mikuru Suzuki,25,68870,2580,80.08
Series 6,6,afgerond,Week 11,71,11,Christopher Toonders,Christopher Toonders,25,68369,2612,78.52
Series 6,6,afgerond,Week 11,71,12,Chris Hurds,Chris Hurds,10,25173,1003,75.29
Series 6,6,afgerond,Week 12,72,1,David Evans,David Evans,11,30871,971,95.38
Series 6,6,afgerond,Week 12,72,2,Sebastian Bialecki,Sebastian Bialecki,18,49233,1593,92.72
Series 6,6,afgerond,Week 12,72,3,Scott Taylor,Scott Taylor,27,74097,2398,92.7
Series 6,6,afgerond,Week 12,72,4,Ted Evetts,Ted Evetts,23,62423,2088,89.69
Series 6,6,afgerond,Week 12,72,5,Lee Cocks,Lee Cocks,8,22206,744,89.54
Series 6,6,afgerond,Week 12,72,6,Ross Montgomery,Ross Montgomery,10,26730,903,88.8
Series 6,6,afgerond,Week 12,72,7,Steve Hine,Steve Hine,27,72737,2477,88.09
Series 6,6,afgerond,Week 12,72,8,Jimmy Van Schie,Jimmy Van_Schie,25,67311,2314,87.27
Series 6,6,afgerond,Week 12,72,9,Bradley Brooks,Bradley Brooks,10,27764,972,85.69
Series 6,6,afgerond,Week 12,72,10,John O'Shea,John O'Shea,14,35087,1237,85.09
Series 6,6,afgerond,Week 12,72,11,Ole Holtkamp,Ole Holtkamp,25,59705,2145,83.5
Series 6,6,afgerond,Week 12,72,12,Neil Meneer,Neil Meneer,10,25335,928,81.9
Series 6,6,afgerond,Week 13,73,1,Tom Sykes,Tom Sykes,19,50004,1573,95.37
Series 6,6,afgerond,Week 13,73,2,Scott Taylor,Scott Taylor,27,72863,2324,94.06
Series 6,6,afgerond,Week 13,73,3,Andy Boulton,Andy Boulton,23,59738,1976,90.7
Series 6,6,afgerond,Week 13,73,4,Wayne Jones,Wayne Jones,25,64087,2175,88.4
Series 6,6,afgerond,Week 13,73,5,Reece Colley,Reece Colley,10,27273,933,87.69
Series 6,6,afgerond,Week 13,73,6,Ron Meulenkamp,Ron Meulenkamp,11,31562,1085,87.27
Series 6,6,afgerond,Week 13,73,7,Cam Crabtree,Cam Crabtree,27,69010,2384,86.84
Series 6,6,afgerond,Week 13,73,8,John O'Shea,John O'Shea,13,35235,1218,86.79
Series 6,6,afgerond,Week 13,73,9,Ryan Harrington,Ryan Harrington,10,27613,975,84.96
Series 6,6,afgerond,Week 13,73,10,Chas Barstow,Chas Barstow,25,61981,2208,84.21
Series 6,6,afgerond,Week 13,73,11,Darren Webster,Darren Webster,8,18386,671,82.2
Series 6,6,afgerond,Week 13,73,12,Gary Stone,Gary Stone,10,28504,1054,81.13
Series 7,7,afgerond,Week 1,74,1,Shane McGuirk,Shane McGuirk,18,50115,1689,89.01
Series 7,7,afgerond,Week 1,74,2,Jamie Kelling,Jamie Kelling,14,38043,1319,86.53
Series 7,7,afgerond,Week 1,74,3,Nathan Girvan,Nathan Girvan,25,67918,2357,86.45
Series 7,7,afgerond,Week 1,74,4,Adam Mould,Adam Mould,25,72173,2518,85.99
Series 7,7,afgerond,Week 1,74,5,Reece Robinson,Reece Robinson,12,32830,1153,85.42
Series 7,7,afgerond,Week 1,74,6,Adrian Gray,Adrian Gray,13,35707,1290,83.04
Series 7,7,afgerond,Week 1,74,7,Jonny Barnes,Jonny Barnes,25,65834,2425,81.44
Series 7,7,afgerond,Week 1,74,8,Jacob Gwynne,Jacob Gwynne,10,28790,1090,79.24
Series 7,7,afgerond,Week 1,74,9,Timothy Verbrugghe,Timothy Verbrugghe,25,67532,2586,78.34
Series 7,7,afgerond,Week 1,74,10,Lisa Ashton,Lisa Ashton,25,57033,2263,75.61
Series 7,7,afgerond,Week 1,74,11,Bhav Patel,Bhav Patel,8,19374,782,74.32
Series 7,7,afgerond,Week 1,74,12,Richard North,Richard North,8,20899,870,72.07
Series 7,7,afgerond,Week 2,75,1,Justin Smith,Justin Smith,11,32244,1045,92.57
Series 7,7,afgerond,Week 2,75,2,Derek Coulson,Derek Coulson,10,29312,970,90.66
Series 7,7,afgerond,Week 2,75,3,Andy Boulton,Andy Boulton,27,74388,2468,90.42
Series 7,7,afgerond,Week 2,75,4,Conor Heneghan,Conor Heneghan,19,55148,1855,89.19
Series 7,7,afgerond,Week 2,75,5,Lee Cocks,Lee Cocks,8,21745,757,86.18
Series 7,7,afgerond,Week 2,75,6,Danny Jansen,Danny Jansen,27,77727,2718,85.79
Series 7,7,afgerond,Week 2,75,7,Mike Norton,Mike Norton,8,20674,723,85.78
Series 7,7,afgerond,Week 2,75,8,Darren Armstrong,Darren Armstrong,27,75401,2686,84.22
Series 7,7,afgerond,Week 2,75,9,Carlo van Peer,Carlo van_Peer,26,72558,2589,84.08
Series 7,7,afgerond,Week 2,75,10,Jack Male,Jack Male,10,26511,946,84.07
Series 7,7,afgerond,Week 2,75,11,Lewy Williams,Lewy Williams,25,54255,2182,74.59
Series 7,7,afgerond,Week 2,75,12,Alec Small,Alec Small,10,24292,990,73.61
Series 7,7,afgerond,Week 3,76,1,Jeff Smith,Jeff Smith,11,30543,1044,87.77
Series 7,7,afgerond,Week 3,76,2,Andy Hamilton,Andy Hamilton,11,29997,1037,86.78
Series 7,7,afgerond,Week 3,76,3,David Cameron,David Cameron,27,73693,2572,85.96
Series 7,7,afgerond,Week 3,76,4,Jenson Walker,Jenson Walker,12,35146,1233,85.51
Series 7,7,afgerond,Week 3,76,5,Jim McEwan,Jim McEwan,25,68132,2391,85.49
Series 7,7,afgerond,Week 3,76,6,Bradly Roes,Bradly Roes,19,53402,1876,85.4
Series 7,7,afgerond,Week 3,76,7,John Michael,John Michael,23,62410,2216,84.49
Series 7,7,afgerond,Week 3,76,8,Shane Hayward,Shane Hayward,10,26315,948,83.28
Series 7,7,afgerond,Week 3,76,9,Alan Norris,Alan Norris,10,26591,973,81.99
Series 7,7,afgerond,Week 3,76,10,Ivo Leeksma,Ivo Leeksma,27,75283,2773,81.45
Series 7,7,afgerond,Week 3,76,11,Tommy Morris,Tommy Morris,8,16421,606,81.29
Series 7,7,afgerond,Week 3,76,12,Michael Huntley,Michael Huntley,25,67748,2538,80.08
Series 7,7,afgerond,Week 4,77,1,Scott Taylor,Scott Taylor,19,46185,1584,87.47
Series 7,7,afgerond,Week 4,77,2,Adam Lipscombe,Adam Lipscombe,25,66426,2279,87.44
Series 7,7,afgerond,Week 4,77,3,Neil Duff,Neil Duff,27,67351,2345,86.16
Series 7,7,afgerond,Week 4,77,4,Chris Quantock,Chris Quantock,8,21304,773,82.68
Series 7,7,afgerond,Week 4,77,5,Joe Croft,Joe Croft,13,32147,1169,82.5
Series 7,7,afgerond,Week 4,77,6,Steve Hine,Steve Hine,12,31405,1142,82.5
Series 7,7,afgerond,Week 4,77,7,Jimmy Hendriks,Jimmy Hendriks,25,63789,2321,82.45
Series 7,7,afgerond,Week 4,77,8,Chas Barstow,Chas Barstow,10,26335,959,82.38
Series 7,7,afgerond,Week 4,77,9,Antony Allen,Antony Allen,26,65951,2481,79.75
Series 7,7,afgerond,Week 4,77,10,Devon Petersen,Devon Petersen,8,20482,773,79.49
Series 7,7,afgerond,Week 4,77,11,Nigel Lloyd,Nigel Lloyd,25,59746,2351,76.24
Series 7,7,afgerond,Week 4,77,12,Johnny Stewart,Johnny Stewart,10,22876,936,73.32
Series 7,7,afgerond,Week 5,78,1,David Evans,David Evans,11,28202,938,90.2
Series 7,7,afgerond,Week 5,78,2,Andreas Harrysson,Andreas Harrysson,27,69742,2335,89.6
Series 7,7,afgerond,Week 5,78,3,Connor Scutt,Connor Scutt,23,60778,2073,87.96
Series 7,7,afgerond,Week 5,78,4,Greg Ritchie,Greg Ritchie,12,30664,1046,87.95
Series 7,7,afgerond,Week 5,78,5,Leonard Gates,Leonard Gates,18,49341,1686,87.8
Series 7,7,afgerond,Week 5,78,6,Llew Bevan,Llew Bevan,8,20865,729,85.86
Series 7,7,afgerond,Week 5,78,7,Mike Warburton,Mike Warburton,29,75943,2672,85.27
Series 7,7,afgerond,Week 5,78,8,Jarred Cole,Jarred Cole,10,27375,998,82.29
Series 7,7,afgerond,Week 5,78,9,Ashley Coleman,Ashley Coleman,10,25735,947,81.53
Series 7,7,afgerond,Week 5,78,10,David Davies,David Davies,10,24638,910,81.22
Series 7,7,afgerond,Week 5,78,11,Michael Burgoine,Michael Burgoine,25,61673,2327,79.51
Series 7,7,afgerond,Week 5,78,12,Max De Jong,Max De_Jong,25,65978,2512,78.8
Series 7,7,afgerond,Week 6,79,1,Darryl Pilgrim,Darryl Pilgrim,17,43566,1444,90.51
Series 7,7,afgerond,Week 6,79,2,Tom Sykes,Tom Sykes,27,69657,2309,90.5
Series 7,7,afgerond,Week 6,79,3,Kurt Parry,Kurt Parry,11,30498,1032,88.66
Series 7,7,afgerond,Week 6,79,4,Jimmy Van Schie,Jimmy Van_Schie,29,82887,2816,88.3
Series 7,7,afgerond,Week 6,79,5,Damian Mol,Damian Mol,25,64550,2217,87.35
Series 7,7,afgerond,Week 6,79,6,Reece Colley,Reece Colley,27,72312,2490,87.12
Series 7,7,afgerond,Week 6,79,7,Steven Johnstone,Steven Johnstone,23,57913,1998,86.96
Series 7,7,afgerond,Week 6,79,8,Paul Hogan,Paul Hogan,8,19686,688,85.84
Series 7,7,afgerond,Week 6,79,9,Martin Adams,Martin Adams,11,27097,962,84.5
Series 7,7,afgerond,Week 6,79,10,Mat Caste,Mat Caste,10,26708,968,82.77
Series 7,7,afgerond,Week 6,79,11,Dave Ladley,Dave Ladley,10,28320,1058,80.3
Series 7,7,afgerond,Week 6,79,12,Nick Fullwell,Nick Fullwell,10,25485,958,79.81
Series 7,7,afgerond,Week 7,80,1,Bradley Brooks,Bradley Brooks,12,33130,1119,88.82
Series 7,7,afgerond,Week 7,80,2,Conan Whitehead,Conan Whitehead,25,64911,2204,88.35
Series 7,7,afgerond,Week 7,80,3,Viktor Tingstrom,Viktor Tingstrom,18,48098,1640,87.98
Series 7,7,afgerond,Week 7,80,4,Corné Groeneveld,Corné Groeneveld,23,62545,2173,86.35
Series 7,7,afgerond,Week 7,80,5,Colin Osborne,Colin Osborne,29,81238,2886,84.45
Series 7,7,afgerond,Week 7,80,6,Pete Burgoyne,Pete Burgoyne,8,20097,723,83.39
Series 7,7,afgerond,Week 7,80,7,David Wawrzewski,David Wawrzewski,11,31512,1150,82.21
Series 7,7,afgerond,Week 7,80,8,Lloyd Walker,Lloyd Walker,5,12279,468,78.71
Series 7,7,afgerond,Week 7,80,9,Mason Whitlock,Mason Whitlock,10,25509,976,78.41
Series 7,7,afgerond,Week 7,80,10,Kieran Smith,Kieran Smith,27,62858,2425,77.76
Series 7,7,afgerond,Week 7,80,11,Robert Thornton,Robert Thornton,25,63447,2456,77.5
Series 7,7,afgerond,Week 7,80,12,Owen Bowden,Owen Bowden,5,10878,450,72.52
Series 7,7,afgerond,Week 7,80,13,Aaron Beeney,Aaron Beeney,10,23624,991,71.52
Series 7,7,afgerond,Week 8,81,1,Gilbert Van Der Meijden,Gilbert Van_Der_Meijden,27,73067,2392,91.64
Series 7,7,afgerond,Week 8,81,2,Jamie Atkins,Jamie Atkins,10,26909,890,90.7
Series 7,7,afgerond,Week 8,81,3,Harry Gregory,Harry Gregory,18,50428,1676,90.26
Series 7,7,afgerond,Week 8,81,4,Harry Ward,Harry Ward,26,70849,2362,89.99
Series 7,7,afgerond,Week 8,81,5,Jon Worsley,Jon Worsley,12,32840,1110,88.76
Series 7,7,afgerond,Week 8,81,6,Ciaran Teehan,Ciaran Teehan,12,33065,1119,88.65
Series 7,7,afgerond,Week 8,81,7,Lee Cocks,Lee Cocks,25,66441,2274,87.65
Series 7,7,afgerond,Week 8,81,8,John O'Shea,John O'Shea,27,72548,2486,87.55
Series 7,7,afgerond,Week 8,81,9,Mark Dudbridge,Mark Dudbridge,8,20735,716,86.88
Series 7,7,afgerond,Week 8,81,10,Mike Gillet,Mike Gillet,8,19061,688,83.11
Series 7,7,afgerond,Week 8,81,11,James Richardson,James Richardson,25,64742,2349,82.68
Series 7,7,afgerond,Week 8,81,12,Martin Grearson,Martin Grearson,10,25316,930,81.66
Series 7,7,afgerond,Week 9,82,1,Beau Greaves,Beau Greaves,12,30796,993,93.04
Series 7,7,afgerond,Week 9,82,2,Scott Mitchell,Scott Mitchell,18,50952,1699,89.97
Series 7,7,afgerond,Week 9,82,3,Marvin van Velzen,Marvin van_Velzen,27,69495,2369,88.01
Series 7,7,afgerond,Week 9,82,4,Adam Lipscombe,Adam Lipscombe,11,28375,981,86.77
Series 7,7,afgerond,Week 9,82,5,Sebastian Bialecki,Sebastian Bialecki,27,71001,2464,86.45
Series 7,7,afgerond,Week 9,82,6,Thomas Lovely,Thomas Lovely,12,33752,1186,85.38
Series 7,7,afgerond,Week 9,82,7,Daniel Lee,Daniel Lee,10,25401,914,83.37
Series 7,7,afgerond,Week 9,82,8,Doug Boehm,Doug Boehm,25,68370,2463,83.28
Series 7,7,afgerond,Week 9,82,9,Rob Collins,Rob Collins,8,22349,809,82.88
Series 7,7,afgerond,Week 9,82,10,Kevin Painter,Kevin Painter,23,58408,2135,82.07
Series 7,7,afgerond,Week 9,82,11,Stuart Kellett,Stuart Kellett,10,26608,979,81.54
Series 7,7,afgerond,Week 9,82,12,Raymond Mulvey,Raymond Mulvey,25,59828,2274,78.93
Series 7,7,afgerond,Week 10,83,1,Ted Evetts,Ted Evetts,26,70998,2336,91.18
Series 7,7,afgerond,Week 10,83,2,Shane McGuirk,Shane McGuirk,8,21682,717,90.72
Series 7,7,afgerond,Week 10,83,3,Ross Montgomery,Ross Montgomery,10,27616,916,90.45
Series 7,7,afgerond,Week 10,83,4,Richie Howson,Richie Howson,10,28348,942,90.28
Series 7,7,afgerond,Week 10,83,5,Fallon Sherrock,Fallon Sherrock,23,63891,2162,88.66
Series 7,7,afgerond,Week 10,83,6,Darius Labanauskas,Darius Labanauskas,29,80457,2725,88.58
Series 7,7,afgerond,Week 10,83,7,Dan Astbury,Dan Astbury,18,51041,1765,86.76
Series 7,7,afgerond,Week 10,83,8,Justin Hood,Justin Hood,14,40284,1393,86.76
Series 7,7,afgerond,Week 10,83,9,Johnny Haines,Johnny Haines,10,28310,979,86.75
Series 7,7,afgerond,Week 10,83,10,Andy Hamilton,Andy Hamilton,25,63057,2196,86.14
Series 7,7,afgerond,Week 10,83,11,Terry Nash,Terry Nash,10,25762,901,85.78
Series 7,7,afgerond,Week 10,83,12,James Vanbesien,James Vanbesien,25,61477,2196,83.98
Series 7,7,afgerond,Week 11,84,1,Scott Taylor,Scott Taylor,11,27930,923,90.78
Series 7,7,afgerond,Week 11,84,2,Andy Davidson,Andy Davidson,27,73738,2473,89.45
Series 7,7,afgerond,Week 11,84,3,Tommy Morris,Tommy Morris,18,50444,1701,88.97
Series 7,7,afgerond,Week 11,84,4,Aden Kirk,Aden Kirk,12,31750,1111,85.73
Series 7,7,afgerond,Week 11,84,5,Sean McKinney,Sean McKinney,10,24184,857,84.66
Series 7,7,afgerond,Week 11,84,6,Devon Petersen,Devon Petersen,27,72568,2604,83.6
Series 7,7,afgerond,Week 11,84,7,Ashley Coleman,Ashley Coleman,23,60105,2157,83.6
Series 7,7,afgerond,Week 11,84,8,Michel van der Horst,Michel van_der_Horst,25,68937,2484,83.26
Series 7,7,afgerond,Week 11,84,9,Richard Rowlands,Richard Rowlands,12,32640,1198,81.74
Series 7,7,afgerond,Week 11,84,10,Brian Raman,Brian Raman,25,63345,2326,81.7
Series 7,7,afgerond,Week 11,84,11,Brandon Western,Brandon Western,10,23331,952,73.52
Series 7,7,afgerond,Week 11,84,12,Trina Gulliver,Trina Gulliver,8,18792,771,73.12
Series 7,7,afgerond,Week 12,85,1,Cam Crabtree,Cam Crabtree,12,31471,1087,86.86
Series 7,7,afgerond,Week 12,85,2,Ron Meulenkamp,Ron Meulenkamp,19,50664,1769,85.92
Series 7,7,afgerond,Week 12,85,3,Andy Boulton,Andy Boulton,10,26610,948,84.21
Series 7,7,afgerond,Week 12,85,4,Chris Hurds,Chris Hurds,13,37518,1376,81.8
Series 7,7,afgerond,Week 12,85,5,Scott Baker,Scott Baker,13,33077,1221,81.27
Series 7,7,afgerond,Week 12,85,6,Johann Brouwer,Johann Brouwer,23,63222,2347,80.81
Series 7,7,afgerond,Week 12,85,7,Joe Murnan,Joe Murnan,23,61500,2309,79.9
Series 7,7,afgerond,Week 12,85,8,Rusty-Jake Rodriguez,Rusty-Jake Rodriguez_,25,66063,2485,79.75
Series 7,7,afgerond,Week 12,85,9,Ryan Furness,Ryan Furness,10,27889,1051,79.61
Series 7,7,afgerond,Week 12,85,10,Keelan Kay,Keelan Kay,10,26903,1055,76.5
Series 7,7,afgerond,Week 12,85,11,Dennis van der Ende,Dennis van_der_Ende,25,63454,2569,74.1
Series 7,7,afgerond,Week 12,85,12,Josh Carter,Josh Carter,25,63630,2600,73.42
Series 7,7,afgerond,Week 13,86,1,Reece Robinson,Reece Robinson,12,29896,963,93.13
Series 7,7,afgerond,Week 13,86,2,Beau Greaves,Beau Greaves,18,49127,1603,91.94
Series 7,7,afgerond,Week 13,86,3,Andreas Harrysson,Andreas Harrysson,29,82594,2718,91.16
Series 7,7,afgerond,Week 13,86,4,Darius Labanauskas,Darius Labanauskas,11,29810,992,90.15
Series 7,7,afgerond,Week 13,86,5,Neil Duff,Neil Duff,10,25805,865,89.5
Series 7,7,afgerond,Week 13,86,6,Andy Davidson,Andy Davidson,25,71687,2414,89.09
Series 7,7,afgerond,Week 13,86,7,Cam Crabtree,Cam Crabtree,12,31265,1054,88.99
Series 7,7,afgerond,Week 13,86,8,Jimmy Van Schie,Jimmy Van_Schie,8,21106,719,88.06
Series 7,7,afgerond,Week 13,86,9,Conor Heneghan,Conor Heneghan,25,64685,2204,88.05
Series 7,7,afgerond,Week 13,86,10,Bradley Brooks,Bradley Brooks,23,61496,2101,87.81
Series 7,7,afgerond,Week 13,86,11,Ciaran Teehan,Ciaran Teehan,25,64118,2231,86.22
Series 7,7,afgerond,Week 13,86,12,Bradly Roes,Bradly Roes,10,24101,861,83.98
Series 8,8,afgerond,Week 1,87,1,Justin Smith,Justin Smith,12,32255,1075,90.01
Series 8,8,afgerond,Week 1,87,2,Tom Sykes,Tom Sykes,19,47339,1603,88.59
Series 8,8,afgerond,Week 1,87,3,Chris Gilliland,Chris Gilliland,25,66024,2288,86.57
Series 8,8,afgerond,Week 1,87,4,Andy Hamilton,Andy Hamilton,11,29060,1016,85.81
Series 8,8,afgerond,Week 1,87,5,Steven Johnstone,Steven Johnstone,12,31217,1100,85.14
Series 8,8,afgerond,Week 1,87,6,Jamie Kelling,Jamie Kelling,8,21005,743,84.81
Series 8,8,afgerond,Week 1,87,7,Martyn Turner,Martyn Turner,10,28030,994,84.6
Series 8,8,afgerond,Week 1,87,8,Jack Male,Jack Male,10,25509,906,84.47
Series 8,8,afgerond,Week 1,87,9,Martin Adams,Martin Adams,25,63921,2312,82.94
Series 8,8,afgerond,Week 1,87,10,Bradly Roes,Bradly Roes,28,72129,2617,82.69
Series 8,8,afgerond,Week 1,87,11,Michael Burgoine,Michael Burgoine,25,63486,2330,81.74
Series 8,8,afgerond,Week 1,87,12,Revelino Dubois,Revelino Dubois,23,60709,2245,81.13
Series 8,8,afgerond,Week 2,88,1,Chris Quantock,Chris Quantock,10,27091,901,90.2
Series 8,8,afgerond,Week 2,88,2,Justin Hood,Justin Hood,11,27951,930,90.16
Series 8,8,afgerond,Week 2,88,3,Jeff Smith,Jeff Smith,17,45885,1554,88.58
Series 8,8,afgerond,Week 2,88,4,Jim Long,Jim Long,27,71183,2420,88.24
Series 8,8,afgerond,Week 2,88,5,Shane Hayward,Shane Hayward,14,37639,1306,86.46
Series 8,8,afgerond,Week 2,88,6,Adam Lipscombe,Adam Lipscombe,8,19983,701,85.52
Series 8,8,afgerond,Week 2,88,7,Adam Mould,Adam Mould,23,61447,2176,84.72
Series 8,8,afgerond,Week 2,88,8,Nick Fullwell,Nick Fullwell,10,24338,869,84.02
Series 8,8,afgerond,Week 2,88,9,Ciaran Teehan,Ciaran Teehan,25,63954,2322,82.63
Series 8,8,afgerond,Week 2,88,10,Mareno Michels,Mareno Michels,28,70774,2591,81.95
Series 8,8,afgerond,Week 2,88,11,Peter Hudson,Peter Hudson,10,27111,1000,81.33
Series 8,8,afgerond,Week 2,88,12,Arne Spee,Arne Spee,25,62376,2384,78.49
Series 8,8,afgerond,Week 3,89,1,Andreas Harrysson,Andreas Harrysson,19,51735,1633,95.04
Series 8,8,afgerond,Week 3,89,2,John Henderson,John Henderson,25,71555,2335,91.93
Series 8,8,afgerond,Week 3,89,3,Tommy Morris,Tommy Morris,23,60014,1973,91.25
Series 8,8,afgerond,Week 3,89,4,John O'Shea,John O'Shea,10,29867,1010,88.71
Series 8,8,afgerond,Week 3,89,5,Richard Rowlands,Richard Rowlands,14,38354,1317,87.37
Series 8,8,afgerond,Week 3,89,6,Reece Robinson,Reece Robinson,28,71594,2479,86.64
Series 8,8,afgerond,Week 3,89,7,Ross Montgomery,Ross Montgomery,11,29593,1048,84.71
Series 8,8,afgerond,Week 3,89,8,Lee Cocks,Lee Cocks,10,24086,857,84.32
Series 8,8,afgerond,Week 3,89,9,Niall Culleton,Niall Culleton,25,65713,2348,83.96
Series 8,8,afgerond,Week 3,89,10,Gilbert Van Der Meijden,Gilbert Van_Der_Meijden,25,60975,2198,83.22
Series 8,8,afgerond,Week 3,89,11,Alec Small,Alec Small,8,21314,794,80.53
Series 8,8,afgerond,Week 3,89,12,Richard Hosey,Richard Hosey,10,24835,969,76.89
Series 8,8,afgerond,Week 4,90,1,Andy Davidson,Andy Davidson,26,67787,2274,89.43
Series 8,8,afgerond,Week 4,90,2,Richie Burnett,Richie Burnett,19,52634,1785,88.46
Series 8,8,afgerond,Week 4,90,3,Reece Colley,Reece Colley,8,20992,715,88.08
Series 8,8,afgerond,Week 4,90,4,Jimmy Van Schie,Jimmy Van_Schie,27,72449,2485,87.46
Series 8,8,afgerond,Week 4,90,5,Mark Dudbridge,Mark Dudbridge,10,25312,873,86.98
Series 8,8,afgerond,Week 4,90,6,Shane McGuirk,Shane McGuirk,28,75848,2646,86.0
Series 8,8,afgerond,Week 4,90,7,Charlie Large,Charlie Large,8,22290,791,84.54
Series 8,8,afgerond,Week 4,90,8,Jenson Walker,Jenson Walker,10,26988,961,84.25
Series 8,8,afgerond,Week 4,90,9,Killian McCormack,Killian McCormack,27,69999,2518,83.4
Series 8,8,afgerond,Week 4,90,10,Greg Ritchie,Greg Ritchie,10,26441,959,82.71
Series 8,8,afgerond,Week 4,90,11,Jeroen Mioch,Jeroen Mioch,25,64373,2479,77.9
Series 8,8,afgerond,Week 4,90,12,Bhav Patel,Bhav Patel,10,22109,915,72.49
Series 8,8,afgerond,Week 5,91,1,Neil Duff,Neil Duff,29,79293,2681,88.73
Series 8,8,afgerond,Week 5,91,2,Jim McEwan,Jim McEwan,17,42884,1476,87.16
Series 8,8,afgerond,Week 5,91,3,Timothy Verbrugghe,Timothy Verbrugghe,25,66775,2328,86.05
Series 8,8,afgerond,Week 5,91,4,Terry Nash,Terry Nash,14,38288,1336,85.98
Series 8,8,afgerond,Week 5,91,5,Scott Taylor,Scott Taylor,23,63226,2226,85.21
Series 8,8,afgerond,Week 5,91,6,Jon Worsley,Jon Worsley,11,28367,1001,85.02
Series 8,8,afgerond,Week 5,91,7,Brian Raman,Brian Raman,25,66074,2438,81.31
Series 8,8,afgerond,Week 5,91,8,Noa-Lynn van Leuven,Noa-Lynn van_Leuven_,11,30028,1119,80.5
Series 8,8,afgerond,Week 5,91,9,Paul Lewis,Paul Lewis,25,65289,2435,80.44
Series 8,8,afgerond,Week 5,91,10,Daniel Stephenson,Daniel Stephenson,10,25007,954,78.64
Series 8,8,afgerond,Week 5,91,11,Antony Allen,Antony Allen,10,26354,1008,78.43
Series 8,8,afgerond,Week 5,91,12,Craig Galliano,Craig Galliano,8,21886,842,77.98
Series 8,8,afgerond,Week 6,92,1,Tommy Lishman,Tommy Lishman,27,73469,2486,88.66
Series 8,8,afgerond,Week 6,92,2,Sebastian Bialecki,Sebastian Bialecki,27,72802,2469,88.46
Series 8,8,afgerond,Week 6,92,3,Robert Thornton,Robert Thornton,25,67314,2344,86.15
Series 8,8,afgerond,Week 6,92,4,David Wawrzewski,David Wawrzewski,13,33435,1169,85.8
Series 8,8,afgerond,Week 6,92,5,Lee Cocks,Lee Cocks,17,47711,1669,85.76
Series 8,8,afgerond,Week 6,92,6,Darren Armstrong,Darren Armstrong,10,25127,886,85.08
Series 8,8,afgerond,Week 6,92,7,David Davies,David Davies,8,23163,820,84.74
Series 8,8,afgerond,Week 6,92,8,Paul Hogan,Paul Hogan,12,33300,1183,84.45
Series 8,8,afgerond,Week 6,92,9,David Evans,David Evans,26,70018,2512,83.62
Series 8,8,afgerond,Week 6,92,10,Mason Whitlock,Mason Whitlock,10,25644,951,80.9
Series 8,8,afgerond,Week 6,92,11,Pontus Danielsson,Pontus Danielsson,25,58417,2215,79.12
Series 8,8,afgerond,Week 6,92,12,Jordan Matthews,Jordan Matthews,8,16837,700,72.16
Series 8,8,afgerond,Week 7,93,1,Wesley Plaisier,Wesley Plaisier,18,49210,1557,94.82
Series 8,8,afgerond,Week 7,93,2,Andy Boulton,Andy Boulton,25,66547,2236,89.28
Series 8,8,afgerond,Week 7,93,3,Cam Crabtree,Cam Crabtree,25,65711,2216,88.96
Series 8,8,afgerond,Week 7,93,4,Mike Warburton,Mike Warburton,29,76998,2649,87.2
Series 8,8,afgerond,Week 7,93,5,Adam Paxton,Adam Paxton,14,34884,1205,86.85
Series 8,8,afgerond,Week 7,93,6,Viktor Tingstrom,Viktor Tingstrom,26,68443,2366,86.78
Series 8,8,afgerond,Week 7,93,7,Aden Kirk,Aden Kirk,10,24443,854,85.87
Series 8,8,afgerond,Week 7,93,8,Llew Bevan,Llew Bevan,10,23904,847,84.67
Series 8,8,afgerond,Week 7,93,9,Jarred Cole,Jarred Cole,8,19072,691,82.8
Series 8,8,afgerond,Week 7,93,10,Scott Marsh,Scott Marsh,10,27194,1040,78.44
Series 8,8,afgerond,Week 7,93,11,Ben Payne,Ben Payne,25,52799,2076,76.3
Series 8,8,afgerond,Week 7,93,12,Harry Gregory,Harry Gregory,8,14596,648,67.57
Series 8,8,afgerond,Week 8,94,1,Connor Scutt,Connor Scutt,19,49502,1638,90.66
Series 8,8,afgerond,Week 8,94,2,Ashley Coleman,Ashley Coleman,26,71559,2528,84.92
Series 8,8,afgerond,Week 8,94,3,Stuart Kellett,Stuart Kellett,12,32418,1149,84.64
Series 8,8,afgerond,Week 8,94,4,Colin Osborne,Colin Osborne,29,78062,2774,84.42
Series 8,8,afgerond,Week 8,94,5,Ron Meulenkamp,Ron Meulenkamp,8,21187,754,84.3
Series 8,8,afgerond,Week 8,94,6,Geert De Vos,Geert De_Vos,25,66452,2444,81.57
Series 8,8,afgerond,Week 8,94,7,Fallon Sherrock,Fallon Sherrock,11,29914,1103,81.36
Series 8,8,afgerond,Week 8,94,8,Ricardo Ham,Ricardo Ham,25,63502,2393,79.61
Series 8,8,afgerond,Week 8,94,9,Tom Cromwell,Tom Cromwell,10,24871,962,77.56
Series 8,8,afgerond,Week 8,94,10,Karl Coleman,Karl Coleman,10,23619,922,76.85
Series 8,8,afgerond,Week 8,94,11,Tony O'Shea,Tony O'Shea,8,16975,676,75.33
Series 8,8,afgerond,Week 8,94,12,Steven Jamieson,Steven Jamieson,25,60520,2413,75.24
Series 8,8,afgerond,Week 9,95,1,Thomas Banks,Thomas Banks,29,78591,2650,88.97
Series 8,8,afgerond,Week 9,95,2,Martin Grearson,Martin Grearson,10,27403,951,86.44
Series 8,8,afgerond,Week 9,95,3,Mike van Duivenbode,Mike van_Duivenbode,11,30824,1070,86.42
Series 8,8,afgerond,Week 9,95,4,Scott Mitchell,Scott Mitchell,11,30700,1089,84.57
Series 8,8,afgerond,Week 9,95,5,Conor Heneghan,Conor Heneghan,19,52503,1865,84.46
Series 8,8,afgerond,Week 9,95,6,Jamie Atkins,Jamie Atkins,10,29377,1046,84.26
Series 8,8,afgerond,Week 9,95,7,Scott Campbell,Scott Campbell,10,28924,1032,84.08
Series 8,8,afgerond,Week 9,95,8,Moreno Blom,Moreno Blom,27,74458,2678,83.41
Series 8,8,afgerond,Week 9,95,9,Steve Hine,Steve Hine,8,21687,789,82.46
Series 8,8,afgerond,Week 9,95,10,Tom Lonsdale,Tom Lonsdale,25,65850,2403,82.21
Series 8,8,afgerond,Week 9,95,11,Stefaan Henderyck,Stefaan Henderyck,23,66464,2490,80.08
Series 8,8,afgerond,Week 9,95,12,Simon Adams,Simon Adams,25,68056,2559,79.78
Series 8,8,afgerond,Week 10,96,1,Marvin van Velzen,Marvin van_Velzen,27,73341,2466,89.22
Series 8,8,afgerond,Week 10,96,2,Bradley Brooks,Bradley Brooks,18,51732,1779,87.24
Series 8,8,afgerond,Week 10,96,3,Nathan Girvan,Nathan Girvan,11,27009,931,87.03
Series 8,8,afgerond,Week 10,96,4,Thomas Lovely,Thomas Lovely,8,18821,656,86.07
Series 8,8,afgerond,Week 10,96,5,Stefan Bellmont,Stefan Bellmont,25,67664,2361,85.98
Series 8,8,afgerond,Week 10,96,6,Conan Whitehead,Conan Whitehead,25,69516,2455,84.95
Series 8,8,afgerond,Week 10,96,7,Harry Ward,Harry Ward,23,61028,2175,84.18
Series 8,8,afgerond,Week 10,96,8,Adrian Gray,Adrian Gray,14,40153,1435,83.94
Series 8,8,afgerond,Week 10,96,9,Joe Croft,Joe Croft,27,72690,2671,81.64
Series 8,8,afgerond,Week 10,96,10,Chas Barstow,Chas Barstow,10,24815,920,80.92
Series 8,8,afgerond,Week 10,96,11,Mike Gillet,Mike Gillet,10,27513,1022,80.76
Series 8,8,afgerond,Week 10,96,12,Mat Caste,Mat Caste,10,25697,962,80.14
Series 8,8,afgerond,Week 11,97,1,Alan Norris,Alan Norris,10,25290,837,90.65
Series 8,8,afgerond,Week 11,97,2,Kurt Parry,Kurt Parry,10,26315,891,88.6
Series 8,8,afgerond,Week 11,97,3,Barry Copeland,Barry Copeland,28,75798,2601,87.43
Series 8,8,afgerond,Week 11,97,4,Steve West,Steve West,29,77186,2656,87.18
Series 8,8,afgerond,Week 11,97,5,Gary Stone,Gary Stone,8,20044,690,87.15
Series 8,8,afgerond,Week 11,97,6,Richie Howson,Richie Howson,27,68882,2375,87.01
Series 8,8,afgerond,Week 11,97,7,Wayne Jones,Wayne Jones,17,43294,1493,86.99
Series 8,8,afgerond,Week 11,97,8,Krzysztof Kciuk,Krzysztof Kciuk,26,73439,2544,86.6
Series 8,8,afgerond,Week 11,97,9,Carl Sneyd,Carl Sneyd,10,25100,898,83.85
Series 8,8,afgerond,Week 11,97,10,Paul Milford,Paul Milford,10,25786,923,83.81
Series 8,8,afgerond,Week 11,97,11,Keelan Kay,Keelan Kay,8,20906,773,81.14
Series 8,8,afgerond,Week 11,97,12,Johann Brouwer,Johann Brouwer,25,62278,2341,79.81
Series 8,8,afgerond,Week 12,98,1,Ted Evetts,Ted Evetts,8,20413,674,90.86
Series 8,8,afgerond,Week 12,98,2,Darryl Pilgrim,Darryl Pilgrim,23,61409,2047,90.0
Series 8,8,afgerond,Week 12,98,3,Boris Koltsov,Boris Koltsov,26,73654,2487,88.85
Series 8,8,afgerond,Week 12,98,4,Mark McGeeney,Mark McGeeney,10,27561,932,88.72
Series 8,8,afgerond,Week 12,98,5,Andy Davidson,Andy Davidson,12,31975,1103,86.97
Series 8,8,afgerond,Week 12,98,6,Jamie Owens,Jamie Owens,17,47674,1647,86.84
Series 8,8,afgerond,Week 12,98,7,Derek Coulson,Derek Coulson,14,35621,1242,86.04
Series 8,8,afgerond,Week 12,98,8,Jarno Bottenberg,Jarno Bottenberg,28,77644,2742,84.95
Series 8,8,afgerond,Week 12,98,9,Sean McKinney,Sean McKinney,10,26703,952,84.15
Series 8,8,afgerond,Week 12,98,10,Chris Hurds,Chris Hurds,10,26084,933,83.87
Series 8,8,afgerond,Week 12,98,11,Simon Teysen,Simon Teysen,25,65134,2521,77.51
Series 8,8,afgerond,Week 12,98,12,Kendrick Koordom,Kendrick Koordom,25,58634,2276,77.29
Series 8,8,afgerond,Week 13,99,1,Connor Scutt,Connor Scutt,18,49598,1574,94.53
Series 8,8,afgerond,Week 13,99,2,Adam Paxton,Adam Paxton,8,20988,677,93.0
Series 8,8,afgerond,Week 13,99,3,Tom Sykes,Tom Sykes,25,70189,2268,92.84
Series 8,8,afgerond,Week 13,99,4,Derek Coulson,Derek Coulson,12,31870,1034,92.47
Series 8,8,afgerond,Week 13,99,5,Marvin van Velzen,Marvin van_Velzen,27,75269,2445,92.35
Series 8,8,afgerond,Week 13,99,6,Jimmy Van Schie,Jimmy Van_Schie,29,75709,2492,91.14
Series 8,8,afgerond,Week 13,99,7,Jim Long,Jim Long,10,24171,818,88.65
Series 8,8,afgerond,Week 13,99,8,Paul Hogan,Paul Hogan,10,24956,857,87.36
Series 8,8,afgerond,Week 13,99,9,Neil Duff,Neil Duff,25,64187,2221,86.7
Series 8,8,afgerond,Week 13,99,10,Steve West,Steve West,11,28420,987,86.38
Series 8,8,afgerond,Week 13,99,11,Richard Rowlands,Richard Rowlands,8,22645,789,86.1
Series 8,8,afgerond,Week 13,99,12,Thomas Banks,Thomas Banks,25,65701,2335,84.41
Series 9,9,afgerond,Week 1,100,1,Darius Labanauskas,Darius Labanauskas,27,75763,2511,90.52
Series 9,9,afgerond,Week 1,100,2,Richard Rowlands,Richard Rowlands,11,28209,935,90.51
Series 9,9,afgerond,Week 1,100,3,Bradley Brooks,Bradley Brooks,29,77193,2631,88.02
Series 9,9,afgerond,Week 1,100,4,Gemma Hayter,Gemma Hayter,10,25567,875,87.66
Series 9,9,afgerond,Week 1,100,5,Carl Wilson,Carl Wilson,18,46876,1611,87.29
Series 9,9,afgerond,Week 1,100,6,Alec Small,Alec Small,10,26643,924,86.5
Series 9,9,afgerond,Week 1,100,7,Neil Duff,Neil Duff,27,72567,2557,85.14
Series 9,9,afgerond,Week 1,100,8,Ciaran Teehan,Ciaran Teehan,8,19550,704,83.31
Series 9,9,afgerond,Week 1,100,9,Charlie Martin,Charlie Martin,10,25869,942,82.39
Series 9,9,afgerond,Week 1,100,10,Steve West,Steve West,23,58828,2170,81.33
Series 9,9,afgerond,Week 1,100,11,Scott Marsh,Scott Marsh,10,20614,761,81.26
Series 9,9,afgerond,Week 1,100,12,Niels van Zanten,Niels van_Zanten,25,60294,2251,80.36
Series 9,9,afgerond,Week 2,101,1,Andreas Harrysson,Andreas Harrysson,19,54267,1813,89.8
Series 9,9,afgerond,Week 2,101,2,Ryan Branley,Ryan Branley,12,32258,1080,89.61
Series 9,9,afgerond,Week 2,101,3,Justin Smith,Justin Smith,26,65412,2257,86.95
Series 9,9,afgerond,Week 2,101,4,Robert Thornton,Robert Thornton,11,29893,1035,86.65
Series 9,9,afgerond,Week 2,101,5,Mike Warburton,Mike Warburton,27,70908,2487,85.53
Series 9,9,afgerond,Week 2,101,6,Jamie Kelling,Jamie Kelling,10,28168,998,84.67
Series 9,9,afgerond,Week 2,101,7,Tommy Morris,Tommy Morris,8,19960,714,83.87
Series 9,9,afgerond,Week 2,101,8,Ross Montgomery,Ross Montgomery,27,72971,2627,83.33
Series 9,9,afgerond,Week 2,101,9,Darren Barton,Darren Barton,25,65574,2395,82.14
Series 9,9,afgerond,Week 2,101,10,Dan Nicholls,Dan Nicholls,10,24530,897,82.04
Series 9,9,afgerond,Week 2,101,11,Martin Adams,Martin Adams,8,17793,655,81.49
Series 9,9,afgerond,Week 2,101,12,Dennis van der Ende,Dennis van_der_Ende,25,62567,2457,76.39
Series 9,9,afgerond,Week 3,102,1,Jack Tweddell,Jack Tweddell,14,37891,1277,89.02
Series 9,9,afgerond,Week 3,102,2,Carl Sneyd,Carl Sneyd,17,47102,1628,86.8
Series 9,9,afgerond,Week 3,102,3,Andy Hamilton,Andy Hamilton,29,77160,2691,86.02
Series 9,9,afgerond,Week 3,102,4,John O'Shea,John O'Shea,26,69573,2431,85.86
Series 9,9,afgerond,Week 3,102,5,David Wawrzewski,David Wawrzewski,10,27140,958,84.99
Series 9,9,afgerond,Week 3,102,6,Bram Van Dijk,Bram Van_Dijk,26,70593,2506,84.51
Series 9,9,afgerond,Week 3,102,7,Lee Cocks,Lee Cocks,8,23026,822,84.04
Series 9,9,afgerond,Week 3,102,8,Bradly Roes,Bradly Roes,25,70081,2526,83.23
Series 9,9,afgerond,Week 3,102,9,Adam Paxton,Adam Paxton,25,65252,2352,83.23
Series 9,9,afgerond,Week 3,102,10,Mason Whitlock,Mason Whitlock,8,21952,807,81.61
Series 9,9,afgerond,Week 3,102,11,James Hubbard,James Hubbard,10,24463,914,80.29
Series 9,9,afgerond,Week 3,102,12,Antony Allen,Antony Allen,10,26384,995,79.55
Series 9,9,afgerond,Week 4,103,1,Shane McGuirk,Shane McGuirk,11,33222,1122,88.83
Series 9,9,afgerond,Week 4,103,2,Kai Gotthardt,Kai Gotthardt,29,82569,2814,88.03
Series 9,9,afgerond,Week 4,103,3,Steven Johnstone,Steven Johnstone,23,63330,2202,86.28
Series 9,9,afgerond,Week 4,103,4,Chris Quantock,Chris Quantock,10,30594,1072,85.62
Series 9,9,afgerond,Week 4,103,5,Joe Croft,Joe Croft,12,31432,1105,85.34
Series 9,9,afgerond,Week 4,103,6,Adam Lipscombe,Adam Lipscombe,10,29952,1055,85.17
Series 9,9,afgerond,Week 4,103,7,Shaun McDonald,Shaun McDonald,11,30847,1093,84.67
Series 9,9,afgerond,Week 4,103,8,Jon Worsley,Jon Worsley,19,55599,1973,84.54
Series 9,9,afgerond,Week 4,103,9,Dan Astbury,Dan Astbury,25,69845,2489,84.18
Series 9,9,afgerond,Week 4,103,10,Tom Lonsdale,Tom Lonsdale,23,65037,2330,83.74
Series 9,9,afgerond,Week 4,103,11,Killian McCormack,Killian McCormack,10,27215,1001,81.56
Series 9,9,afgerond,Week 4,103,12,Jim Mayer,Jim Mayer,25,70119,2616,80.41
Series 9,9,afgerond,Week 5,104,1,Ricky King,Ricky King,12,33272,1121,89.04
Series 9,9,afgerond,Week 5,104,2,Justin Hood,Justin Hood,8,21250,720,88.54
Series 9,9,afgerond,Week 5,104,3,Stowe Buntz,Stowe Buntz,18,46119,1574,87.9
Series 9,9,afgerond,Week 5,104,4,Noa-Lynn van Leuven,Noa-Lynn van_Leuven_,26,68856,2375,86.98
Series 9,9,afgerond,Week 5,104,5,Thomas Lovely,Thomas Lovely,12,32809,1133,86.87
Series 9,9,afgerond,Week 5,104,6,Darren Armstrong,Darren Armstrong,10,29721,1028,86.73
Series 9,9,afgerond,Week 5,104,7,Devon Petersen,Devon Petersen,27,71028,2469,86.3
Series 9,9,afgerond,Week 5,104,8,Paul Hogan,Paul Hogan,12,33339,1185,84.4
Series 9,9,afgerond,Week 5,104,9,Terry Nash,Terry Nash,8,20579,741,83.32
Series 9,9,afgerond,Week 5,104,10,James Richardson,James Richardson,25,69362,2523,82.48
Series 9,9,afgerond,Week 5,104,11,Fallon Sherrock,Fallon Sherrock,25,64934,2375,82.02
Series 9,9,afgerond,Week 5,104,12,Nick Crouwel,Nick Crouwel,25,62531,2356,79.62
Series 9,9,afgerond,Week 6,105,1,Tom Sykes,Tom Sykes,27,73479,2408,91.54
Series 9,9,afgerond,Week 6,105,2,Viktor Tingstrom,Viktor Tingstrom,10,28047,926,90.87
Series 9,9,afgerond,Week 6,105,3,Daniel Larsson,Daniel Larsson,27,70725,2373,89.41
Series 9,9,afgerond,Week 6,105,4,Colin Osborne,Colin Osborne,18,49899,1702,87.95
Series 9,9,afgerond,Week 6,105,5,Ashley Coleman,Ashley Coleman,27,69638,2431,85.94
Series 9,9,afgerond,Week 6,105,6,Charlie Large,Charlie Large,10,26392,922,85.87
Series 9,9,afgerond,Week 6,105,7,Jamie Owens,Jamie Owens,13,39653,1390,85.58
Series 9,9,afgerond,Week 6,105,8,Timothy Verbrugghe,Timothy Verbrugghe,25,62086,2191,85.01
Series 9,9,afgerond,Week 6,105,9,Callum Francis,Callum Francis,10,27576,981,84.33
Series 9,9,afgerond,Week 6,105,10,Joe Murnan,Joe Murnan,8,21425,774,83.04
Series 9,9,afgerond,Week 6,105,11,Rob Collins,Rob Collins,8,21157,790,80.34
Series 9,9,afgerond,Week 6,105,12,Bradley Coltman,Bradley Coltman,25,56665,2144,79.29
Series 9,9,afgerond,Week 7,106,1,Cam Crabtree,Cam Crabtree,26,70980,2371,89.81
Series 9,9,afgerond,Week 7,106,2,John Henderson,John Henderson,19,50587,1709,88.8
Series 9,9,afgerond,Week 7,106,3,Jamie Atkins,Jamie Atkins,14,38847,1332,87.49
Series 9,9,afgerond,Week 7,106,4,Kevin Burness,Kevin Burness,8,21987,755,87.37
Series 9,9,afgerond,Week 7,106,5,Chris Gilliland,Chris Gilliland,8,20159,697,86.77
Series 9,9,afgerond,Week 7,106,6,Danny Jansen,Danny Jansen,26,68054,2386,85.57
Series 9,9,afgerond,Week 7,106,7,Martin Thomas,Martin Thomas,12,33872,1207,84.19
Series 9,9,afgerond,Week 7,106,8,Aden Kirk,Aden Kirk,10,26505,949,83.79
Series 9,9,afgerond,Week 7,106,9,Jeroen Caron,Jeroen Caron,25,64913,2330,83.58
Series 9,9,afgerond,Week 7,106,10,Kevin Mills,Kevin Mills,25,65657,2361,83.43
Series 9,9,afgerond,Week 7,106,11,Robert Thornton,Robert Thornton,25,68384,2465,83.23
Series 9,9,afgerond,Week 7,106,12,Sean Holley,Sean Holley,10,24732,969,76.57
Series 9,9,afgerond,Week 8,107,1,Kurt Parry,Kurt Parry,17,48662,1624,89.89
Series 9,9,afgerond,Week 8,107,2,Scott Taylor,Scott Taylor,27,74280,2493,89.39
Series 9,9,afgerond,Week 8,107,3,Marvin van Velzen,Marvin van_Velzen,27,72995,2460,89.02
Series 9,9,afgerond,Week 8,107,4,Gary Stone,Gary Stone,8,19650,687,85.81
Series 9,9,afgerond,Week 8,107,5,Anton Ostlund,Anton Ostlund,28,71466,2500,85.76
Series 9,9,afgerond,Week 8,107,6,Mark Dudbridge,Mark Dudbridge,10,25296,896,84.7
Series 9,9,afgerond,Week 8,107,7,Jim McEwan,Jim McEwan,25,68044,2413,84.6
Series 9,9,afgerond,Week 8,107,8,Michael Huntley,Michael Huntley,10,24727,892,83.16
Series 9,9,afgerond,Week 8,107,9,Shane Hayward,Shane Hayward,8,21451,775,83.04
Series 9,9,afgerond,Week 8,107,10,Scott Baker,Scott Baker,13,33219,1223,81.49
Series 9,9,afgerond,Week 8,107,11,David Mayle,David Mayle,25,61129,2309,79.42
Series 9,9,afgerond,Week 8,107,12,Luke Smith,Luke Smith,10,23939,977,73.51
Series 9,9,afgerond,Week 9,108,1,Alex Spellman,Alex Spellman,18,50561,1665,91.1
Series 9,9,afgerond,Week 9,108,2,Andy Boulton,Andy Boulton,27,74313,2456,90.77
Series 9,9,afgerond,Week 9,108,3,Peter Jacques,Peter Jacques,8,21886,725,90.56
Series 9,9,afgerond,Week 9,108,4,Martyn Turner,Martyn Turner,10,26038,872,89.58
Series 9,9,afgerond,Week 9,108,5,Romeo Grbavac,Romeo Grbavac,27,72532,2434,89.4
Series 9,9,afgerond,Week 9,108,6,Thomas Banks,Thomas Banks,8,20337,684,89.2
Series 9,9,afgerond,Week 9,108,7,Jenson Walker,Jenson Walker,10,30024,1026,87.79
Series 9,9,afgerond,Week 9,108,8,Dean Finn,Dean Finn,28,79401,2725,87.41
Series 9,9,afgerond,Week 9,108,9,Brian Raman,Brian Raman,27,74668,2628,85.24
Series 9,9,afgerond,Week 9,108,10,David Evans,David Evans,25,64884,2307,84.37
Series 9,9,afgerond,Week 9,108,11,Lloyd Walker,Lloyd Walker,5,13038,475,82.35
Series 9,9,afgerond,Week 9,108,12,James Welding,James Welding,10,26608,970,82.29
Series 9,9,afgerond,Week 9,108,13,Richard North,Richard North,5,11796,480,73.73
Series 9,9,afgerond,Week 10,109,1,Niko Springer,Niko Springer,11,29660,920,96.72
Series 9,9,afgerond,Week 10,109,2,Tommy Morris,Tommy Morris,17,45247,1461,92.91
Series 9,9,afgerond,Week 10,109,3,Neil Duff,Neil Duff,12,34761,1135,91.88
Series 9,9,afgerond,Week 10,109,4,Tommy Lishman,Tommy Lishman,8,18435,618,89.49
Series 9,9,afgerond,Week 10,109,5,Adam Mould,Adam Mould,25,69933,2353,89.16
Series 9,9,afgerond,Week 10,109,6,Reece Robinson,Reece Robinson,25,65226,2200,88.94
Series 9,9,afgerond,Week 10,109,7,Sebastian Bialecki,Sebastian Bialecki,23,60190,2034,88.78
Series 9,9,afgerond,Week 10,109,8,David Davies,David Davies,14,40910,1426,86.07
Series 9,9,afgerond,Week 10,109,9,Adrian Gray,Adrian Gray,10,26864,938,85.92
Series 9,9,afgerond,Week 10,109,10,Paul Dulson,Paul Dulson,10,28497,1001,85.41
Series 9,9,afgerond,Week 10,109,11,Richie Burnett,Richie Burnett,28,72766,2561,85.24
Series 9,9,afgerond,Week 10,109,12,Johann Brouwer,Johann Brouwer,25,62096,2269,82.1
Series 9,9,afgerond,Week 11,110,1,James Wilson,James Wilson,11,30194,992,91.31
Series 9,9,afgerond,Week 11,110,2,Derek Coulson,Derek Coulson,12,34034,1123,90.92
Series 9,9,afgerond,Week 11,110,3,Chas Barstow,Chas Barstow,8,21287,710,89.95
Series 9,9,afgerond,Week 11,110,4,Andy Davidson,Andy Davidson,17,42663,1437,89.07
Series 9,9,afgerond,Week 11,110,5,Jim Long,Jim Long,27,72102,2431,88.98
Series 9,9,afgerond,Week 11,110,6,Johnny Haines,Johnny Haines,28,73677,2488,88.84
Series 9,9,afgerond,Week 11,110,7,Mareno Michels,Mareno Michels,23,61902,2134,87.02
Series 9,9,afgerond,Week 11,110,8,Sam Spivey,Sam Spivey,12,30367,1051,86.68
Series 9,9,afgerond,Week 11,110,9,Tavis Dudeney,Tavis Dudeney,10,23756,862,82.68
Series 9,9,afgerond,Week 11,110,10,Conor Heneghan,Conor Heneghan,25,61246,2251,81.63
Series 9,9,afgerond,Week 11,110,11,Darren Johnson,Darren Johnson,10,27698,1022,81.31
Series 9,9,afgerond,Week 11,110,12,Cedric Waegemans,Cedric Waegemans,25,62058,2360,78.89
Series 9,9,afgerond,Week 12,111,1,Jimmy Van Schie,Jimmy Van_Schie,19,47326,1541,92.13
Series 9,9,afgerond,Week 12,111,2,Darryl Pilgrim,Darryl Pilgrim,25,61585,2009,91.96
Series 9,9,afgerond,Week 12,111,3,Ted Evetts,Ted Evetts,10,27466,925,89.08
Series 9,9,afgerond,Week 12,111,4,Richie Howson,Richie Howson,13,34908,1186,88.3
Series 9,9,afgerond,Week 12,111,5,Adam Lipscombe,Adam Lipscombe,25,63137,2166,87.45
Series 9,9,afgerond,Week 12,111,6,Steve West,Steve West,12,30757,1058,87.21
Series 9,9,afgerond,Week 12,111,7,Jarred Cole,Jarred Cole,10,24980,866,86.54
Series 9,9,afgerond,Week 12,111,8,Conan Whitehead,Conan Whitehead,28,72100,2508,86.24
Series 9,9,afgerond,Week 12,111,9,Steve Reynolds,Steve Reynolds,23,53836,1949,82.87
Series 9,9,afgerond,Week 12,111,10,Hilton Klein,Hilton Klein,25,58091,2225,78.32
Series 9,9,afgerond,Week 12,111,11,John McCarthy,John McCarthy,10,23110,892,77.72
Series 9,9,afgerond,Week 12,111,12,Rhian O'Sullivan,Rhian O'Sullivan,8,17184,696,74.07
Series 9,9,afgerond,Week 13,112,1,Scott Taylor,Scott Taylor,27,75476,2442,92.72
Series 9,9,afgerond,Week 13,112,2,Derek Coulson,Derek Coulson,12,34775,1129,92.4
Series 9,9,afgerond,Week 13,112,3,Jim Long,Jim Long,25,69299,2258,92.07
Series 9,9,afgerond,Week 13,112,4,Paul Hogan,Paul Hogan,10,30230,996,91.05
Series 9,9,afgerond,Week 13,112,5,Tom Sykes,Tom Sykes,27,74317,2475,90.08
Series 9,9,afgerond,Week 13,112,6,Darius Labanauskas,Darius Labanauskas,27,74308,2476,90.03
Series 9,9,afgerond,Week 13,112,7,Andreas Harrysson,Andreas Harrysson,18,46616,1555,89.93
Series 9,9,afgerond,Week 13,112,8,Kai Gotthardt,Kai Gotthardt,8,23676,802,88.56
Series 9,9,afgerond,Week 13,112,9,David Davies,David Davies,11,30890,1048,88.43
Series 9,9,afgerond,Week 13,112,10,Andy Hamilton,Andy Hamilton,8,21331,734,87.18
Series 9,9,afgerond,Week 13,112,11,Romeo Grbavac,Romeo Grbavac,25,67908,2392,85.17
Series 9,9,afgerond,Week 13,112,12,Andy Boulton,Andy Boulton,10,23813,852,83.85
Series 10,10,afgerond,Week 1,113,1,Adam Sevada,Adam Sevada,27,73325,2372,92.74
Series 10,10,afgerond,Week 1,113,2,Jack Tweddell,Jack Tweddell,26,73029,2376,92.21
Series 10,10,afgerond,Week 1,113,3,Alec Small,Alec Small,14,34812,1154,90.5
Series 10,10,afgerond,Week 1,113,4,Gary Stone,Gary Stone,17,42995,1445,89.26
Series 10,10,afgerond,Week 1,113,5,Scott Taylor,Scott Taylor,25,66830,2279,87.97
Series 10,10,afgerond,Week 1,113,6,Joe Croft,Joe Croft,10,25228,887,85.33
Series 10,10,afgerond,Week 1,113,7,Neil Meneer,Neil Meneer,13,35948,1280,84.25
Series 10,10,afgerond,Week 1,113,8,Jake Womack,Jake Womack,8,21189,759,83.75
Series 10,10,afgerond,Week 1,113,9,Richard Rowlands,Richard Rowlands,8,23282,836,83.55
Series 10,10,afgerond,Week 1,113,10,Ross Montgomery,Ross Montgomery,10,23943,878,81.81
Series 10,10,afgerond,Week 1,113,11,Arne Spee,Arne Spee,25,63113,2340,80.91
Series 10,10,afgerond,Week 1,113,12,Bradly Roes,Bradly Roes,25,53191,2080,76.72
Series 10,10,afgerond,Week 2,114,1,Graham Hall,Graham Hall,25,66758,2185,91.66
Series 10,10,afgerond,Week 2,114,2,Simon Whitlock,Simon Whitlock,18,50235,1683,89.55
Series 10,10,afgerond,Week 2,114,3,Jenson Walker,Jenson Walker,14,40133,1354,88.92
Series 10,10,afgerond,Week 2,114,4,Tommy Morris,Tommy Morris,25,73654,2505,88.21
Series 10,10,afgerond,Week 2,114,5,Andy Hamilton,Andy Hamilton,25,70801,2421,87.73
Series 10,10,afgerond,Week 2,114,6,Adam Mould,Adam Mould,14,37887,1298,87.57
Series 10,10,afgerond,Week 2,114,7,James Hubbard,James Hubbard,10,29198,1010,86.73
Series 10,10,afgerond,Week 2,114,8,Jamie Hughes,Jamie Hughes,11,28203,1012,83.61
Series 10,10,afgerond,Week 2,114,9,Steve Robertson,Steve Robertson,25,65748,2366,83.37
Series 10,10,afgerond,Week 2,114,10,Martin Adams,Martin Adams,8,19856,724,82.28
Series 10,10,afgerond,Week 2,114,11,Ashley Coleman,Ashley Coleman,8,18328,670,82.07
Series 10,10,afgerond,Week 2,114,12,Andreas Nikolaou,Andreas Nikolaou,25,60836,2311,78.97
Series 10,10,afgerond,Week 3,115,1,Carl Sneyd,Carl Sneyd,11,31980,1076,89.16
Series 10,10,afgerond,Week 3,115,2,Sam Spivey,Sam Spivey,14,39913,1355,88.37
Series 10,10,afgerond,Week 3,115,3,Mike Warburton,Mike Warburton,25,69110,2389,86.79
Series 10,10,afgerond,Week 3,115,4,Alexander Masek,Alexander Masek,28,75499,2611,86.75
Series 10,10,afgerond,Week 3,115,5,Jamie Kelling,Jamie Kelling,10,28105,972,86.74
Series 10,10,afgerond,Week 3,115,6,Charlie Large,Charlie Large,10,25898,897,86.62
Series 10,10,afgerond,Week 3,115,7,Jeremy Fagg,Jeremy Fagg,25,69841,2431,86.19
Series 10,10,afgerond,Week 3,115,8,Lee Cocks,Lee Cocks,23,63761,2245,85.2
Series 10,10,afgerond,Week 3,115,9,Conan Whitehead,Conan Whitehead,17,49192,1760,83.85
Series 10,10,afgerond,Week 3,115,10,Ronan McDonagh,Ronan McDonagh,27,70764,2567,82.7
Series 10,10,afgerond,Week 3,115,11,Gary Mawson,Gary Mawson,8,20263,739,82.26
Series 10,10,afgerond,Week 3,115,12,Niall Culleton,Niall Culleton,10,26951,1016,79.58
Series 10,10,afgerond,Week 4,116,1,Shane McGuirk,Shane McGuirk,12,28837,954,90.68
Series 10,10,afgerond,Week 4,116,2,Richie Howson,Richie Howson,17,45516,1519,89.89
Series 10,10,afgerond,Week 4,116,3,Brandon Weening,Brandon Weening,26,70227,2366,89.05
Series 10,10,afgerond,Week 4,116,4,Henry Coates,Henry Coates,13,33845,1153,88.06
Series 10,10,afgerond,Week 4,116,5,Danny van Trijp,Danny van_Trijp,27,75291,2570,87.89
Series 10,10,afgerond,Week 4,116,6,Justin Smith,Justin Smith,27,70794,2447,86.79
Series 10,10,afgerond,Week 4,116,7,John O'Shea,John O'Shea,8,20871,752,83.26
Series 10,10,afgerond,Week 4,116,8,Patrick Dekker,Patrick Dekker,25,62482,2312,81.08
Series 10,10,afgerond,Week 4,116,9,Kelvin O'Keefe,Kelvin O'Keefe,8,20371,754,81.05
Series 10,10,afgerond,Week 4,116,10,Ultan McDyer,Ultan McDyer,25,66556,2508,79.61
Series 10,10,afgerond,Week 4,116,11,Mason Whitlock,Mason Whitlock,10,25083,982,76.63
Series 10,10,afgerond,Week 4,116,12,Luke Smith,Luke Smith,10,22724,945,72.14
Series 10,10,afgerond,Week 5,117,1,Kurt Parry,Kurt Parry,19,51408,1750,88.13
Series 10,10,afgerond,Week 5,117,2,Ted Evetts,Ted Evetts,26,71635,2443,87.97
Series 10,10,afgerond,Week 5,117,3,Carl Wilson,Carl Wilson,13,34737,1191,87.5
Series 10,10,afgerond,Week 5,117,4,Jamie Owens,Jamie Owens,10,27360,960,85.5
Series 10,10,afgerond,Week 5,117,5,Reece Robinson,Reece Robinson,12,33332,1174,85.18
Series 10,10,afgerond,Week 5,117,6,Darren Brown,Darren Brown,25,70084,2471,85.09
Series 10,10,afgerond,Week 5,117,7,David Wawrzewski,David Wawrzewski,27,70822,2546,83.45
Series 10,10,afgerond,Week 5,117,8,Mark McGeeney,Mark McGeeney,8,18250,658,83.21
Series 10,10,afgerond,Week 5,117,9,Dan Nicholls,Dan Nicholls,10,26629,962,83.04
Series 10,10,afgerond,Week 5,117,10,Ricky King,Ricky King,10,23760,863,82.6
Series 10,10,afgerond,Week 5,117,11,Reece Colley,Reece Colley,23,58291,2129,82.14
Series 10,10,afgerond,Week 5,117,12,Ektoras Stylianou,Ektoras Stylianou,25,47817,2072,69.23
Series 10,10,afgerond,Week 6,118,1,Scott Campbell,Scott Campbell,12,31201,1020,91.77
Series 10,10,afgerond,Week 6,118,2,Colin Osborne,Colin Osborne,18,52157,1805,86.69
Series 10,10,afgerond,Week 6,118,3,Kevin Burness,Kevin Burness,13,30633,1066,86.21
Series 10,10,afgerond,Week 6,118,4,Leonard Gates,Leonard Gates,25,70255,2464,85.54
Series 10,10,afgerond,Week 6,118,5,Jamie Lewis,Jamie Lewis,10,25871,911,85.2
Series 10,10,afgerond,Week 6,118,6,Gemma Hayter,Gemma Hayter,8,21631,767,84.61
Series 10,10,afgerond,Week 6,118,7,Noa-Lynn van Leuven,Noa-Lynn van_Leuven_,25,63335,2253,84.33
Series 10,10,afgerond,Week 6,118,8,Barry Copeland,Barry Copeland,23,59531,2128,83.93
Series 10,10,afgerond,Week 6,118,9,Martin Thomas,Martin Thomas,10,26798,968,83.05
Series 10,10,afgerond,Week 6,118,10,Peter Wachiuri,Peter Wachiuri,29,77007,2877,80.3
Series 10,10,afgerond,Week 6,118,11,Karl Coleman,Karl Coleman,10,24432,947,77.4
Series 10,10,afgerond,Week 6,118,12,Donny Scheurwater,Donny Scheurwater,25,56141,2318,72.66
Series 10,10,afgerond,Week 7,119,1,Derek Coulson,Derek Coulson,12,29700,946,94.19
Series 10,10,afgerond,Week 7,119,2,Charlie Manby,Charlie Manby,12,31523,1031,91.73
Series 10,10,afgerond,Week 7,119,3,Martyn Turner,Martyn Turner,12,32198,1120,86.24
Series 10,10,afgerond,Week 7,119,4,Conan Whitehead,Conan Whitehead,11,26835,945,85.19
Series 10,10,afgerond,Week 7,119,5,Neil Duff,Neil Duff,18,47273,1672,84.82
Series 10,10,afgerond,Week 7,119,6,Kevin Edwards,Kevin Edwards,23,59799,2122,84.54
Series 10,10,afgerond,Week 7,119,7,Aaron Turner,Aaron Turner,12,30168,1077,84.03
Series 10,10,afgerond,Week 7,119,8,Antony Allen,Antony Allen,25,67169,2499,80.64
Series 10,10,afgerond,Week 7,119,9,Jon Worsley,Jon Worsley,23,57564,2160,79.95
Series 10,10,afgerond,Week 7,119,10,Lloyd Walker,Lloyd Walker,10,29060,1099,79.33
Series 10,10,afgerond,Week 7,119,11,Rick Hessing,Rick Hessing,25,58315,2401,72.86
Series 10,10,afgerond,Week 7,119,12,Andy McDermott,Andy McDermott,25,61346,2530,72.74
Series 10,10,afgerond,Week 8,120,1,Jim McEwan,Jim McEwan,10,26794,825,97.43
Series 10,10,afgerond,Week 8,120,2,Andreas Harrysson,Andreas Harrysson,12,28378,935,91.05
Series 10,10,afgerond,Week 8,120,3,Graham Usher,Graham Usher,18,51460,1704,90.6
Series 10,10,afgerond,Week 8,120,4,Devon Petersen,Devon Petersen,27,70556,2422,87.39
Series 10,10,afgerond,Week 8,120,5,Johnny Haines,Johnny Haines,12,32101,1110,86.76
Series 10,10,afgerond,Week 8,120,6,James Wilson,James Wilson,10,25937,900,86.46
Series 10,10,afgerond,Week 8,120,7,Paul Hogan,Paul Hogan,8,21714,758,85.94
Series 10,10,afgerond,Week 8,120,8,Richard McKee,Richard McKee,13,39368,1383,85.4
Series 10,10,afgerond,Week 8,120,9,Chris Quantock,Chris Quantock,23,57898,2060,84.32
Series 10,10,afgerond,Week 8,120,10,Romeo Grbavac,Romeo Grbavac,25,67104,2406,83.67
Series 10,10,afgerond,Week 8,120,11,Robbie Long,Robbie Long,25,64242,2332,82.64
Series 10,10,afgerond,Week 8,120,12,Steve de Buck,Steve de_Buck,25,58478,2285,76.78
Series 10,10,afgerond,Week 9,121,1,Mervyn King,Mervyn King,27,77021,2575,89.73
Series 10,10,afgerond,Week 9,121,2,Jamie Atkins,Jamie Atkins,17,47819,1636,87.69
Series 10,10,afgerond,Week 9,121,3,Tommy Lishman,Tommy Lishman,13,36556,1273,86.15
Series 10,10,afgerond,Week 9,121,4,Steve West,Steve West,29,75886,2649,85.94
Series 10,10,afgerond,Week 9,121,5,James Richardson,James Richardson,10,24902,878,85.09
Series 10,10,afgerond,Week 9,121,6,Charlie Martin,Charlie Martin,11,30897,1093,84.8
Series 10,10,afgerond,Week 9,121,7,Rene Eidams,Rene Eidams,25,65700,2347,83.98
Series 10,10,afgerond,Week 9,121,8,Max De Jong,Max De_Jong,23,59301,2133,83.41
Series 10,10,afgerond,Week 9,121,9,Michael Huntley,Michael Huntley,25,60541,2187,83.05
Series 10,10,afgerond,Week 9,121,10,Scott Baker,Scott Baker,8,21566,781,82.84
Series 10,10,afgerond,Week 9,121,11,David Williams,David Williams,10,21912,828,79.39
Series 10,10,afgerond,Week 9,121,12,Jonathan Platt,Jonathan Platt,10,27247,1072,76.25
Series 10,10,afgerond,Week 10,122,1,Jimmy Van Schie,Jimmy Van_Schie,19,50949,1647,92.8
Series 10,10,afgerond,Week 10,122,2,Tom Sykes,Tom Sykes,26,71031,2305,92.45
Series 10,10,afgerond,Week 10,122,3,Charlie Large,Charlie Large,15,43105,1470,87.97
Series 10,10,afgerond,Week 10,122,4,David Davies,David Davies,29,78644,2720,86.74
Series 10,10,afgerond,Week 10,122,5,Simon Whitlock,Simon Whitlock,10,27138,946,86.06
Series 10,10,afgerond,Week 10,122,6,Mark Dudbridge,Mark Dudbridge,8,20035,700,85.86
Series 10,10,afgerond,Week 10,122,7,Tommy Morris,Tommy Morris,12,33533,1175,85.62
Series 10,10,afgerond,Week 10,122,8,Brian Raman,Brian Raman,26,67275,2374,85.01
Series 10,10,afgerond,Week 10,122,9,Mike Gillet,Mike Gillet,8,22122,791,83.9
Series 10,10,afgerond,Week 10,122,10,Carl Wilkinson,Carl Wilkinson,10,28542,1021,83.86
Series 10,10,afgerond,Week 10,122,11,Andy Davidson,Andy Davidson,10,26445,982,80.79
Series 10,10,afgerond,Week 10,122,12,Martin Biggs,Martin Biggs,25,56771,2180,78.13
Series 10,10,afgerond,Week 10,122,13,Darnell McCrory,Darnell McCrory,10,22450,932,72.26
Series 10,10,afgerond,Week 11,123,1,Steve Beaton,Steve Beaton,27,70865,2378,89.4
Series 10,10,afgerond,Week 11,123,2,Jason Heaver,Jason Heaver,28,77432,2632,88.26
Series 10,10,afgerond,Week 11,123,3,Conor Heneghan,Conor Heneghan,26,69931,2416,86.83
Series 10,10,afgerond,Week 11,123,4,David Evans,David Evans,19,55693,1931,86.52
Series 10,10,afgerond,Week 11,123,5,Richie Burnett,Richie Burnett,25,63984,2260,84.93
Series 10,10,afgerond,Week 11,123,6,Dan Astbury,Dan Astbury,12,32501,1157,84.27
Series 10,10,afgerond,Week 11,123,7,David Pallett,David Pallett,8,21520,769,83.95
Series 10,10,afgerond,Week 11,123,8,Adrian Gray,Adrian Gray,10,27493,983,83.91
Series 10,10,afgerond,Week 11,123,9,Paul Dulson,Paul Dulson,10,23421,842,83.45
Series 10,10,afgerond,Week 11,123,10,Joe Murnan,Joe Murnan,8,20616,749,82.57
Series 10,10,afgerond,Week 11,123,11,Tom Lonsdale,Tom Lonsdale,10,25276,931,81.45
Series 10,10,afgerond,Week 11,123,12,Lukasz Waclawski,Lukasz Waclawski,25,64292,2371,81.35
Series 10,10,afgerond,Week 12,124,1,Chas Barstow,Chas Barstow,12,29566,962,92.2
Series 10,10,afgerond,Week 12,124,2,Ryan Branley,Ryan Branley,10,27455,922,89.33
Series 10,10,afgerond,Week 12,124,3,Johan Geldenhuys,Johan Geldenhuys,23,60174,2039,88.53
Series 10,10,afgerond,Week 12,124,4,Lewis Gurney,Lewis Gurney,10,27413,934,88.05
Series 10,10,afgerond,Week 12,124,5,Peter Jacques,Peter Jacques,10,24759,845,87.9
Series 10,10,afgerond,Week 12,124,6,Christian Perez,Christian Perez,18,48718,1673,87.36
Series 10,10,afgerond,Week 12,124,7,Jarred Cole,Jarred Cole,29,74320,2586,86.22
Series 10,10,afgerond,Week 12,124,8,Lorenzo Pronk,Lorenzo Pronk,23,59476,2073,86.07
Series 10,10,afgerond,Week 12,124,9,John Henderson,John Henderson,28,75938,2651,85.94
Series 10,10,afgerond,Week 12,124,10,Keegan Brown,Keegan Brown,25,65057,2308,84.56
Series 10,10,afgerond,Week 12,124,11,Rob Collins,Rob Collins,10,24526,916,80.33
Series 10,10,afgerond,Week 12,124,12,Brandon Walsh,Brandon Walsh,10,24489,945,77.74
Series 10,10,afgerond,Week 13,125,1,Derek Coulson,Derek Coulson,26,69703,2203,94.92
Series 10,10,afgerond,Week 13,125,2,David Davies,David Davies,10,28293,931,91.17
Series 10,10,afgerond,Week 13,125,3,Reece Robinson,Reece Robinson,10,25478,839,91.1
Series 10,10,afgerond,Week 13,125,4,Mervyn King,Mervyn King,27,69840,2316,90.47
Series 10,10,afgerond,Week 13,125,5,Scott Campbell,Scott Campbell,18,47284,1571,90.29
Series 10,10,afgerond,Week 13,125,6,Shane McGuirk,Shane McGuirk,23,60359,2015,89.86
Series 10,10,afgerond,Week 13,125,7,Jenson Walker,Jenson Walker,29,78145,2628,89.21
Series 10,10,afgerond,Week 13,125,8,David Evans,David Evans,10,29799,1010,88.51
Series 10,10,afgerond,Week 13,125,9,Sam Spivey,Sam Spivey,12,32951,1122,88.1
Series 10,10,afgerond,Week 13,125,10,Devon Petersen,Devon Petersen,8,21805,774,84.52
Series 10,10,afgerond,Week 13,125,11,Alec Small,Alec Small,25,63242,2259,83.99
Series 10,10,afgerond,Week 13,125,12,Jarred Cole,Jarred Cole,10,24787,891,83.46
Series 11,11,afgerond,Week 1,126,1,David Evans,David Evans,26,71170,2356,90.62
Series 11,11,afgerond,Week 1,126,2,Jeff Smith,Jeff Smith,19,54630,1874,87.45
Series 11,11,afgerond,Week 1,126,3,Mervyn King,Mervyn King,23,60786,2088,87.34
Series 11,11,afgerond,Week 1,126,4,Danny Ayres,Danny Ayres,14,39834,1385,86.28
Series 11,11,afgerond,Week 1,126,5,Tommy Morris,Tommy Morris,27,69957,2435,86.19
Series 11,11,afgerond,Week 1,126,6,Adam Mould,Adam Mould,8,20477,718,85.56
Series 11,11,afgerond,Week 1,126,7,Gary Stone,Gary Stone,10,28001,983,85.46
Series 11,11,afgerond,Week 1,126,8,Adrian Gray,Adrian Gray,25,64740,2312,84.01
Series 11,11,afgerond,Week 1,126,9,James Hubbard,James Hubbard,11,27603,986,83.98
Series 11,11,afgerond,Week 1,126,10,Ashley Coleman,Ashley Coleman,10,28645,1033,83.19
Series 11,11,afgerond,Week 1,126,11,Dustin Straver,Dustin Straver,25,62151,2254,82.72
Series 11,11,afgerond,Week 1,126,12,Darren Brown,Darren Brown,10,24383,909,80.47
Series 11,11,afgerond,Week 2,127,1,Scott Taylor,Scott Taylor,12,34452,1144,90.35
Series 11,11,afgerond,Week 2,127,2,Colin Osborne,Colin Osborne,23,58562,1996,88.02
Series 11,11,afgerond,Week 2,127,3,Jamie Hughes,Jamie Hughes,25,66660,2277,87.83
Series 11,11,afgerond,Week 2,127,4,Steven Johnstone,Steven Johnstone,17,44955,1549,87.07
Series 11,11,afgerond,Week 2,127,5,Mike Warburton,Mike Warburton,11,28430,980,87.03
Series 11,11,afgerond,Week 2,127,6,Jack Tweddell,Jack Tweddell,25,66044,2279,86.94
Series 11,11,afgerond,Week 2,127,7,Lewis Gurney,Lewis Gurney,8,22810,801,85.43
Series 11,11,afgerond,Week 2,127,8,Lloyd Walker,Lloyd Walker,10,27618,978,84.72
Series 11,11,afgerond,Week 2,127,9,Tom Cromwell,Tom Cromwell,14,36993,1321,84.01
Series 11,11,afgerond,Week 2,127,10,Bradly Roes,Bradly Roes,28,74182,2677,83.13
Series 11,11,afgerond,Week 2,127,11,Wes Newton,Wes Newton,10,24226,905,80.31
Series 11,11,afgerond,Week 2,127,12,Kent Sivertsen,Kent Sivertsen,25,61032,2382,76.87
Series 11,11,afgerond,Week 3,128,1,Jamie Lewis,Jamie Lewis,8,20290,654,93.07
Series 11,11,afgerond,Week 3,128,2,John O'Shea,John O'Shea,12,30967,1035,89.76
Series 11,11,afgerond,Week 3,128,3,Graham Hall,Graham Hall,26,69791,2342,89.4
Series 11,11,afgerond,Week 3,128,4,Alec Small,Alec Small,26,68902,2397,86.24
Series 11,11,afgerond,Week 3,128,5,Jamie Owens,Jamie Owens,8,20463,715,85.86
Series 11,11,afgerond,Week 3,128,6,Johnny Haines,Johnny Haines,12,31357,1115,84.37
Series 11,11,afgerond,Week 3,128,7,Kevin Burness,Kevin Burness,17,44449,1602,83.24
Series 11,11,afgerond,Week 3,128,8,Brian Raman,Brian Raman,29,74677,2694,83.16
Series 11,11,afgerond,Week 3,128,9,Alex Williams,Alex Williams,10,26669,1021,78.36
Series 11,11,afgerond,Week 3,128,10,Will Beaden,Will Beaden,25,63830,2464,77.72
Series 11,11,afgerond,Week 3,128,11,Pim Van Bijnen,Pim Van_Bijnen,25,60707,2455,74.18
Series 11,11,afgerond,Week 3,128,12,Simon Wilkinson,Simon Wilkinson,10,24776,1077,69.01
Series 11,11,afgerond,Week 4,129,1,Shane McGuirk,Shane McGuirk,12,30801,979,94.39
Series 11,11,afgerond,Week 4,129,2,Carl Wilson,Carl Wilson,10,28081,941,89.52
Series 11,11,afgerond,Week 4,129,3,Kurt Parry,Kurt Parry,29,76716,2575,89.38
Series 11,11,afgerond,Week 4,129,4,Jamai Van Den Herik,Jamai Van_Den_Herik,18,49518,1675,88.69
Series 11,11,afgerond,Week 4,129,5,Sam Spivey,Sam Spivey,23,65544,2229,88.22
Series 11,11,afgerond,Week 4,129,6,Scott Campbell,Scott Campbell,26,70427,2469,85.57
Series 11,11,afgerond,Week 4,129,7,Martyn Turner,Martyn Turner,25,70375,2491,84.76
Series 11,11,afgerond,Week 4,129,8,David Sharp,David Sharp,12,32487,1156,84.31
Series 11,11,afgerond,Week 4,129,9,Lee Cocks,Lee Cocks,8,21218,764,83.32
Series 11,11,afgerond,Week 4,129,10,Mark McGeeney,Mark McGeeney,10,25914,964,80.65
Series 11,11,afgerond,Week 4,129,11,Kevin Lankhuizen,Kevin Lankhuizen,25,64158,2473,77.83
Series 11,11,afgerond,Week 4,129,12,Joe Bridle,Joe Bridle,10,23488,994,70.89
Series 11,11,afgerond,Week 5,130,1,Conor Heneghan,Conor Heneghan,10,25212,837,90.37
Series 11,11,afgerond,Week 5,130,2,Andy Hamilton,Andy Hamilton,29,75915,2638,86.33
Series 11,11,afgerond,Week 5,130,3,Carl Sneyd,Carl Sneyd,19,53244,1864,85.69
Series 11,11,afgerond,Week 5,130,4,Reece Colley,Reece Colley,10,23560,830,85.16
Series 11,11,afgerond,Week 5,130,5,Brandon Walsh,Brandon Walsh,10,28805,1024,84.39
Series 11,11,afgerond,Week 5,130,6,Joe Croft,Joe Croft,23,60030,2138,84.23
Series 11,11,afgerond,Week 5,130,7,Kelvin O'Keefe,Kelvin O'Keefe,10,27678,995,83.45
Series 11,11,afgerond,Week 5,130,8,Justin Smith,Justin Smith,11,29171,1056,82.87
Series 11,11,afgerond,Week 5,130,9,David Fatum,David Fatum,23,60015,2183,82.48
Series 11,11,afgerond,Week 5,130,10,Ricardo Ulrich,Ricardo Ulrich,25,68968,2512,82.37
Series 11,11,afgerond,Week 5,130,11,Michael Huntley,Michael Huntley,13,34512,1261,82.11
Series 11,11,afgerond,Week 5,130,12,Lorenzo Pronk,Lorenzo Pronk,25,66393,2453,81.2
Series 11,11,afgerond,Week 6,131,1,Charlie Manby,Charlie Manby,27,74014,2427,91.49
Series 11,11,afgerond,Week 6,131,2,Neil Duff,Neil Duff,17,48382,1626,89.27
Series 11,11,afgerond,Week 6,131,3,Adam Gawlas,Adam Gawlas,27,73017,2498,87.69
Series 11,11,afgerond,Week 6,131,4,Henry Coates,Henry Coates,8,20996,730,86.28
Series 11,11,afgerond,Week 6,131,5,Martin Thomas,Martin Thomas,11,30769,1076,85.79
Series 11,11,afgerond,Week 6,131,6,Ronan McDonagh,Ronan McDonagh,28,76813,2721,84.69
Series 11,11,afgerond,Week 6,131,7,Peter Wachiuri,Peter Wachiuri,25,65754,2410,81.85
Series 11,11,afgerond,Week 6,131,8,David Wawrzewski,David Wawrzewski,8,20436,749,81.85
Series 11,11,afgerond,Week 6,131,9,Ciaran Teehan,Ciaran Teehan,12,32337,1211,80.11
Series 11,11,afgerond,Week 6,131,10,Ivan Springborg Poulsen,Ivan Springborg_Poulsen,25,68259,2565,79.84
Series 11,11,afgerond,Week 6,131,11,Jonathan Platt,Jonathan Platt,10,27104,1026,79.25
Series 11,11,afgerond,Week 6,131,12,Darren Johnson,Darren Johnson,10,29975,1135,79.23
Series 11,11,afgerond,Week 7,132,1,Beau Greaves,Beau Greaves,10,27615,868,95.44
Series 11,11,afgerond,Week 7,132,2,Jimmy Van Schie,Jimmy Van_Schie,27,71537,2368,90.63
Series 11,11,afgerond,Week 7,132,3,Reece Robinson,Reece Robinson,19,49879,1686,88.75
Series 11,11,afgerond,Week 7,132,4,Jamie Durrant,Jamie Durrant,10,26762,910,88.23
Series 11,11,afgerond,Week 7,132,5,Darryl Fitton,Darryl Fitton,8,21248,741,86.02
Series 11,11,afgerond,Week 7,132,6,Jarred Cole,Jarred Cole,28,75669,2649,85.7
Series 11,11,afgerond,Week 7,132,7,Chas Barstow,Chas Barstow,23,59471,2085,85.57
Series 11,11,afgerond,Week 7,132,8,Conan Whitehead,Conan Whitehead,28,71515,2555,83.97
Series 11,11,afgerond,Week 7,132,9,Aaron Turner,Aaron Turner,10,25016,913,82.2
Series 11,11,afgerond,Week 7,132,10,Steven Plumstead,Steven Plumstead,10,24978,913,82.07
Series 11,11,afgerond,Week 7,132,11,James Richardson,James Richardson,10,28331,1049,81.02
Series 11,11,afgerond,Week 7,132,12,Thomas Banks,Thomas Banks,25,57102,2405,71.23
Series 11,11,afgerond,Week 8,133,1,Tom Sykes,Tom Sykes,17,45387,1497,90.96
Series 11,11,afgerond,Week 8,133,2,Graham Usher,Graham Usher,27,76568,2546,90.22
Series 11,11,afgerond,Week 8,133,3,Jason Heaver,Jason Heaver,11,29509,1007,87.91
Series 11,11,afgerond,Week 8,133,4,Richie Howson,Richie Howson,25,67451,2313,87.49
Series 11,11,afgerond,Week 8,133,5,Jamie Kelling,Jamie Kelling,13,33918,1180,86.23
Series 11,11,afgerond,Week 8,133,6,Carl Wilkinson,Carl Wilkinson,14,35698,1246,85.95
Series 11,11,afgerond,Week 8,133,7,Danny Jansen,Danny Jansen,25,63962,2283,84.05
Series 11,11,afgerond,Week 8,133,8,Paul Hogan,Paul Hogan,8,19891,717,83.23
Series 11,11,afgerond,Week 8,133,9,Dan Hands,Dan Hands,25,69659,2519,82.96
Series 11,11,afgerond,Week 8,133,10,Tommy Morris,Tommy Morris,10,29226,1061,82.64
Series 11,11,afgerond,Week 8,133,11,Rohan Brouwers,Rohan Brouwers,25,61608,2350,78.65
Series 11,11,afgerond,Week 8,133,12,Karl Coleman,Karl Coleman,8,18347,719,76.55
Series 11,11,afgerond,Week 9,134,1,Derek Coulson,Derek Coulson,19,53926,1757,92.08
Series 11,11,afgerond,Week 9,134,2,Andreas Harrysson,Andreas Harrysson,27,71477,2348,91.32
Series 11,11,afgerond,Week 9,134,3,Tommy Lishman,Tommy Lishman,11,28642,974,88.22
Series 11,11,afgerond,Week 9,134,4,Kevin Edwards,Kevin Edwards,8,21070,719,87.91
Series 11,11,afgerond,Week 9,134,5,Steve West,Steve West,26,71104,2468,86.43
Series 11,11,afgerond,Week 9,134,6,Jon Worsley,Jon Worsley,25,65598,2290,85.94
Series 11,11,afgerond,Week 9,134,7,Keegan Brown,Keegan Brown,27,70988,2514,84.71
Series 11,11,afgerond,Week 9,134,8,Tonni Sorensen,Tonni Sorensen,25,69889,2563,81.81
Series 11,11,afgerond,Week 9,134,9,Scott Baker,Scott Baker,12,33032,1217,81.43
Series 11,11,afgerond,Week 9,134,10,Barry Copeland,Barry Copeland,10,28194,1039,81.41
Series 11,11,afgerond,Week 9,134,11,Robbie Long,Robbie Long,10,25615,949,80.97
Series 11,11,afgerond,Week 9,134,12,Kevin Painter,Kevin Painter,8,20969,790,79.63
Series 11,11,afgerond,Week 10,135,1,Boris Krcmar,Boris Krcmar,18,47402,1554,91.51
Series 11,11,afgerond,Week 10,135,2,Ryan Branley,Ryan Branley,27,79240,2679,88.73
Series 11,11,afgerond,Week 10,135,3,Richard McKee,Richard McKee,14,38280,1335,86.02
Series 11,11,afgerond,Week 10,135,4,Oliver King,Oliver King,13,32583,1142,85.59
Series 11,11,afgerond,Week 10,135,5,Steve Hine,Steve Hine,8,20940,767,81.9
Series 11,11,afgerond,Week 10,135,6,Mike Gillet,Mike Gillet,10,26831,986,81.64
Series 11,11,afgerond,Week 10,135,7,Dan Astbury,Dan Astbury,25,69821,2566,81.63
Series 11,11,afgerond,Week 10,135,8,Richie Burnett,Richie Burnett,23,62941,2316,81.53
Series 11,11,afgerond,Week 10,135,9,Mason Whitlock,Mason Whitlock,10,25135,949,79.46
Series 11,11,afgerond,Week 10,135,10,Devon Petersen,Devon Petersen,25,68219,2579,79.36
Series 11,11,afgerond,Week 10,135,11,Ollie Howard,Ollie Howard,10,23428,886,79.33
Series 11,11,afgerond,Week 10,135,12,Niels Heinsoe,Niels Heinsoe,25,63108,2601,72.79
Series 11,11,afgerond,Week 11,136,1,David Pallett,David Pallett,13,33644,1096,92.09
Series 11,11,afgerond,Week 11,136,2,Steve Beaton,Steve Beaton,19,52184,1701,92.04
Series 11,11,afgerond,Week 11,136,3,Jurjen van der Velde,Jurjen van_der_Velde,27,73177,2426,90.49
Series 11,11,afgerond,Week 11,136,4,Jamie Atkins,Jamie Atkins,11,31111,1057,88.3
Series 11,11,afgerond,Week 11,136,5,Lee Evans,Lee Evans,27,71196,2454,87.04
Series 11,11,afgerond,Week 11,136,6,Jim McEwan,Jim McEwan,10,26712,921,87.01
Series 11,11,afgerond,Week 11,136,7,Jenson Walker,Jenson Walker,23,58058,2030,85.8
Series 11,11,afgerond,Week 11,136,8,Adam Smith-Neale,Adam Smith-Neale,10,23281,816,85.59
Series 11,11,afgerond,Week 11,136,9,Jonny Barnes,Jonny Barnes,25,63757,2260,84.63
Series 11,11,afgerond,Week 11,136,10,Chris Quantock,Chris Quantock,8,22493,806,83.72
Series 11,11,afgerond,Week 11,136,11,Ricardo Ham,Ricardo Ham,25,63194,2269,83.55
Series 11,11,afgerond,Week 11,136,12,Richie Edwards,Richie Edwards,10,17589,762,69.25
Series 11,11,afgerond,Week 12,137,1,Raymond Smith,Raymond Smith,17,45143,1480,91.51
Series 11,11,afgerond,Week 12,137,2,Danny van Trijp,Danny van_Trijp,27,75914,2618,86.99
Series 11,11,afgerond,Week 12,137,3,David Davies,David Davies,28,75437,2671,84.73
Series 11,11,afgerond,Week 12,137,4,Cameron Carolissen,Cameron Carolissen,26,70729,2506,84.67
Series 11,11,afgerond,Week 12,137,5,Dean Finn,Dean Finn,14,38273,1405,81.72
Series 11,11,afgerond,Week 12,137,6,Gemma Hayter,Gemma Hayter,10,27744,1030,80.81
Series 11,11,afgerond,Week 12,137,7,Robert Thornton,Robert Thornton,8,21351,798,80.27
Series 11,11,afgerond,Week 12,137,8,Graham Jenkins,Graham Jenkins,25,67529,2542,79.7
Series 11,11,afgerond,Week 12,137,9,Charlie Martin,Charlie Martin,8,22005,849,77.76
Series 11,11,afgerond,Week 12,137,10,Ky Smith,Ky Smith,10,26552,1030,77.34
Series 11,11,afgerond,Week 12,137,11,Scott Bannerman,Scott Bannerman,10,26797,1092,73.62
Series 11,11,afgerond,Week 12,137,12,Par Riihonen,Par Riihonen,25,58551,2394,73.37
Series 11,11,afgerond,Week 13,138,1,Derek Coulson,Derek Coulson,23,63710,2051,93.19
Series 11,11,afgerond,Week 13,138,2,Jeff Smith,Jeff Smith,12,34557,1131,91.66
Series 11,11,afgerond,Week 13,138,3,Adam Gawlas,Adam Gawlas,10,27460,900,91.53
Series 11,11,afgerond,Week 13,138,4,Jimmy Van Schie,Jimmy Van_Schie,29,79218,2614,90.92
Series 11,11,afgerond,Week 13,138,5,Andy Hamilton,Andy Hamilton,12,31878,1071,89.29
Series 11,11,afgerond,Week 13,138,6,Jurjen van der Velde,Jurjen van_der_Velde,26,70082,2364,88.94
Series 11,11,afgerond,Week 13,138,7,Shane McGuirk,Shane McGuirk,25,62258,2104,88.77
Series 11,11,afgerond,Week 13,138,8,Graham Usher,Graham Usher,18,46079,1558,88.73
Series 11,11,afgerond,Week 13,138,9,Danny van Trijp,Danny van_Trijp,10,24810,843,88.29
Series 11,11,afgerond,Week 13,138,10,Scott Taylor,Scott Taylor,25,63446,2225,85.55
Series 11,11,afgerond,Week 13,138,11,John O'Shea,John O'Shea,8,18356,658,83.69
Series 11,11,afgerond,Week 13,138,12,Richard McKee,Richard McKee,10,26408,966,82.01
Series 12,12,afgerond,Week 1,139,1,Ronan McDonagh,Ronan McDonagh,11,30848,1047,88.39
Series 12,12,afgerond,Week 1,139,2,Kurt Parry,Kurt Parry,10,27998,963,87.22
Series 12,12,afgerond,Week 1,139,3,Brian Raman,Brian Raman,27,73775,2554,86.66
Series 12,12,afgerond,Week 1,139,4,Jason Brandon,Jason Brandon,27,74359,2596,85.93
Series 12,12,afgerond,Week 1,139,5,Carl Wilkinson,Carl Wilkinson,14,39358,1399,84.4
Series 12,12,afgerond,Week 1,139,6,Chas Barstow,Chas Barstow,8,20450,729,84.16
Series 12,12,afgerond,Week 1,139,7,David Sharp,David Sharp,10,26797,978,82.2
Series 12,12,afgerond,Week 1,139,8,Alex Spellman,Alex Spellman,23,60688,2222,81.94
Series 12,12,afgerond,Week 1,139,9,Carl Gabriel,Carl Gabriel,25,68990,2558,80.91
Series 12,12,afgerond,Week 1,139,10,Stijn Deklerck,Stijn Deklerck,18,48899,1850,79.3
Series 12,12,afgerond,Week 1,139,11,Robert Thornton,Robert Thornton,10,27265,1032,79.26
Series 12,12,afgerond,Week 1,139,12,Jasper Scarrott,Jasper Scarrott,25,67419,2586,78.21
Series 12,12,afgerond,Week 2,140,1,Jimmy Van Schie,Jimmy Van_Schie,19,50227,1682,89.58
Series 12,12,afgerond,Week 2,140,2,Lewis Gurney,Lewis Gurney,11,29456,1003,88.1
Series 12,12,afgerond,Week 2,140,3,Keegan Brown,Keegan Brown,12,30156,1037,87.24
Series 12,12,afgerond,Week 2,140,4,Jim McEwan,Jim McEwan,28,75296,2615,86.38
Series 12,12,afgerond,Week 2,140,5,Dan Hands,Dan Hands,12,33124,1159,85.74
Series 12,12,afgerond,Week 2,140,6,Steve West,Steve West,23,60687,2135,85.27
Series 12,12,afgerond,Week 2,140,7,Johan Engstrom,Johan Engstrom,25,66699,2375,84.25
Series 12,12,afgerond,Week 2,140,8,Jamie Kelling,Jamie Kelling,23,61857,2210,83.97
Series 12,12,afgerond,Week 2,140,9,Terry Nash,Terry Nash,10,27397,992,82.85
Series 12,12,afgerond,Week 2,140,10,Damien Grimes,Damien Grimes,25,61920,2275,81.65
Series 12,12,afgerond,Week 2,140,11,Richie Burnett,Richie Burnett,10,25304,932,81.45
Series 12,12,afgerond,Week 2,140,12,Richard McKee,Richard McKee,10,28000,1081,77.71
Series 12,12,afgerond,Week 3,141,1,Gemma Hayter,Gemma Hayter,10,27202,944,86.45
Series 12,12,afgerond,Week 3,141,2,Nathan Potter,Nathan Potter,12,34600,1202,86.36
Series 12,12,afgerond,Week 3,141,3,Neil Duff,Neil Duff,27,71745,2505,85.92
Series 12,12,afgerond,Week 3,141,4,Tommy Morris,Tommy Morris,8,20888,735,85.26
Series 12,12,afgerond,Week 3,141,5,Richie Howson,Richie Howson,18,45486,1610,84.76
Series 12,12,afgerond,Week 3,141,6,Jamie Atkins,Jamie Atkins,23,60044,2139,84.21
Series 12,12,afgerond,Week 3,141,7,Robbie Martin,Robbie Martin,12,28569,1025,83.62
Series 12,12,afgerond,Week 3,141,8,Michael Huntley,Michael Huntley,13,33709,1223,82.69
Series 12,12,afgerond,Week 3,141,9,Charlie Martin,Charlie Martin,25,64316,2413,79.96
Series 12,12,afgerond,Week 3,141,10,Thomas Banks,Thomas Banks,25,60519,2339,77.62
Series 12,12,afgerond,Week 3,141,11,Michael Hansen,Michael Hansen,25,64215,2490,77.37
Series 12,12,afgerond,Week 3,141,12,Jamie Lewis,Jamie Lewis,10,27204,1063,76.78
Series 12,12,afgerond,Week 4,142,1,David Pallett,David Pallett,14,37581,1185,95.14
Series 12,12,afgerond,Week 4,142,2,Gary Stone,Gary Stone,10,24683,825,89.76
Series 12,12,afgerond,Week 4,142,3,Henry Coates,Henry Coates,12,33659,1139,88.65
Series 12,12,afgerond,Week 4,142,4,Jurjen van der Velde,Jurjen van_der_Velde,27,70060,2375,88.5
Series 12,12,afgerond,Week 4,142,5,Reece Robinson,Reece Robinson,25,64172,2178,88.39
Series 12,12,afgerond,Week 4,142,6,Danny Ayres,Danny Ayres,18,53163,1805,88.36
Series 12,12,afgerond,Week 4,142,7,Andy Hamilton,Andy Hamilton,11,26177,901,87.16
Series 12,12,afgerond,Week 4,142,8,Jamai Van Den Herik,Jamai Van_Den_Herik,23,63246,2180,87.04
Series 12,12,afgerond,Week 4,142,9,Jeroen Caron,Jeroen Caron,25,67007,2318,86.72
Series 12,12,afgerond,Week 4,142,10,Dean Gallagher,Dean Gallagher,25,65079,2254,86.62
Series 12,12,afgerond,Week 4,142,11,Adam Mould,Adam Mould,8,19052,715,79.94
Series 12,12,afgerond,Week 4,142,12,Adam Winspear,Adam Winspear,10,22603,871,77.85
Series 12,12,afgerond,Week 5,143,1,Johnny Haines,Johnny Haines,14,40621,1385,87.99
Series 12,12,afgerond,Week 5,143,2,Charlie Manby,Charlie Manby,18,46874,1602,87.78
Series 12,12,afgerond,Week 5,143,3,Oliver King,Oliver King,10,27319,936,87.56
Series 12,12,afgerond,Week 5,143,4,Jenson Walker,Jenson Walker,27,71554,2477,86.66
Series 12,12,afgerond,Week 5,143,5,Carl Wilson,Carl Wilson,13,34775,1208,86.36
Series 12,12,afgerond,Week 5,143,6,Conan Whitehead,Conan Whitehead,10,26862,942,85.55
Series 12,12,afgerond,Week 5,143,7,Steve Beaton,Steve Beaton,10,28589,1007,85.17
Series 12,12,afgerond,Week 5,143,8,Mike Warburton,Mike Warburton,8,22530,804,84.07
Series 12,12,afgerond,Week 5,143,9,Rene Eidams,Rene Eidams,25,65130,2338,83.57
Series 12,12,afgerond,Week 5,143,10,Scott Taylor,Scott Taylor,23,60823,2234,81.68
Series 12,12,afgerond,Week 5,143,11,Janis Pinka,Janis Pinka,25,55400,2266,73.35
Series 12,12,afgerond,Week 5,143,12,Bradley O'Connor,Bradley O'Connor,25,58993,2418,73.19
Series 12,12,afgerond,Week 6,144,1,David Evans,David Evans,12,32867,1088,90.63
Series 12,12,afgerond,Week 6,144,2,Kevin Burness,Kevin Burness,10,26977,894,90.53
Series 12,12,afgerond,Week 6,144,3,Mark McGeeney,Mark McGeeney,12,29717,1012,88.09
Series 12,12,afgerond,Week 6,144,4,Lee Cocks,Lee Cocks,11,31548,1077,87.88
Series 12,12,afgerond,Week 6,144,5,Graham Usher,Graham Usher,18,48721,1680,87.0
Series 12,12,afgerond,Week 6,144,6,Jack Tweddell,Jack Tweddell,25,66883,2339,85.78
Series 12,12,afgerond,Week 6,144,7,Ashley Coleman,Ashley Coleman,14,38937,1367,85.45
Series 12,12,afgerond,Week 6,144,8,Colin Osborne,Colin Osborne,23,60472,2158,84.07
Series 12,12,afgerond,Week 6,144,9,Gary Hayes,Gary Hayes,25,67416,2427,83.33
Series 12,12,afgerond,Week 6,144,10,Adrian Gray,Adrian Gray,8,21269,774,82.44
Series 12,12,afgerond,Week 6,144,11,Manpreet Kalsi,Manpreet Kalsi,25,69656,2656,78.68
Series 12,12,afgerond,Week 6,144,12,Damian Palaszewski,Damian Palaszewski,25,67503,2612,77.53
Series 12,12,afgerond,Week 7,145,1,Martin Thomas,Martin Thomas,12,35298,1206,87.81
Series 12,12,afgerond,Week 7,145,2,John Henderson,John Henderson,11,29776,1019,87.66
Series 12,12,afgerond,Week 7,145,3,Joe Croft,Joe Croft,17,47243,1621,87.43
Series 12,12,afgerond,Week 7,145,4,Jeff Smith,Jeff Smith,29,80358,2765,87.19
Series 12,12,afgerond,Week 7,145,5,Sam Spivey,Sam Spivey,11,29128,1023,85.42
Series 12,12,afgerond,Week 7,145,6,Jamie Owens,Jamie Owens,27,75458,2654,85.3
Series 12,12,afgerond,Week 7,145,7,Jason Heaver,Jason Heaver,25,70094,2488,84.52
Series 12,12,afgerond,Week 7,145,8,Conor Heneghan,Conor Heneghan,23,62005,2217,83.9
Series 12,12,afgerond,Week 7,145,9,Joshua Burksfield,Joshua Burksfield,10,29523,1077,82.24
Series 12,12,afgerond,Week 7,145,10,James Hubbard,James Hubbard,10,26931,990,81.61
Series 12,12,afgerond,Week 7,145,11,Kevin Painter,Kevin Painter,8,18046,686,78.92
Series 12,12,afgerond,Week 7,145,12,Zereso Zeverboom,Zereso Zeverboom,25,62182,2443,76.36
Series 12,12,afgerond,Week 8,146,1,Boris Krcmar,Boris Krcmar,19,49986,1626,92.23
Series 12,12,afgerond,Week 8,146,2,Daniel Larsson,Daniel Larsson,26,68072,2273,89.84
Series 12,12,afgerond,Week 8,146,3,Tom Sykes,Tom Sykes,27,74459,2487,89.82
Series 12,12,afgerond,Week 8,146,4,Fallon Sherrock,Fallon Sherrock,8,19718,674,87.77
Series 12,12,afgerond,Week 8,146,5,Paul Hogan,Paul Hogan,11,29249,1001,87.66
Series 12,12,afgerond,Week 8,146,6,Matthew Edgar,Matthew Edgar,8,20179,703,86.11
Series 12,12,afgerond,Week 8,146,7,Robert Thornton,Robert Thornton,27,72311,2644,82.05
Series 12,12,afgerond,Week 8,146,8,Scott Baker,Scott Baker,10,26863,998,80.75
Series 12,12,afgerond,Week 8,146,9,Richard Rowlands,Richard Rowlands,10,23810,887,80.53
Series 12,12,afgerond,Week 8,146,10,Aaron Gill,Aaron Gill,10,24237,923,78.78
Series 12,12,afgerond,Week 8,146,11,George Monios,George Monios,27,70129,2680,78.5
Series 12,12,afgerond,Week 8,146,12,Jake Jones,Jake Jones,25,61613,2399,77.05
Series 12,12,afgerond,Week 9,147,1,Derek Coulson,Derek Coulson,27,71984,2276,94.88
Series 12,12,afgerond,Week 9,147,2,Jeffrey de Zwaan,Jeffrey de_Zwaan,18,48088,1544,93.44
Series 12,12,afgerond,Week 9,147,3,Jamie Hughes,Jamie Hughes,11,28026,916,91.79
Series 12,12,afgerond,Week 9,147,4,Alex Williams,Alex Williams,12,34722,1183,88.05
Series 12,12,afgerond,Week 9,147,5,Scott Robertson,Scott Robertson,23,61715,2111,87.7
Series 12,12,afgerond,Week 9,147,6,Tomoya Goto,Tomoya Goto,24,63540,2197,86.76
Series 12,12,afgerond,Week 9,147,7,Danny van Trijp,Danny van_Trijp,24,62653,2182,86.14
Series 12,12,afgerond,Week 9,147,8,Mark Dudbridge,Mark Dudbridge,12,31198,1097,85.32
Series 12,12,afgerond,Week 9,147,9,Marcel Otter,Marcel Otter,25,68980,2469,83.82
Series 12,12,afgerond,Week 9,147,10,Barry Copeland,Barry Copeland,7,17678,633,83.78
Series 12,12,afgerond,Week 9,147,11,Tom Cromwell,Tom Cromwell,11,27912,1001,83.65
Series 12,12,afgerond,Week 9,147,12,Mike Gillet,Mike Gillet,8,19357,719,80.77
Series 12,12,afgerond,Week 10,148,1,Tyler Thorpe,Tyler Thorpe,13,31169,1034,90.43
Series 12,12,afgerond,Week 10,148,2,Graham Hall,Graham Hall,25,65582,2267,86.79
Series 12,12,afgerond,Week 10,148,3,Carl Sneyd,Carl Sneyd,8,21664,758,85.74
Series 12,12,afgerond,Week 10,148,4,Alec Small,Alec Small,27,76184,2685,85.12
Series 12,12,afgerond,Week 10,148,5,Harry Ward,Harry Ward,11,31828,1132,84.35
Series 12,12,afgerond,Week 10,148,6,Steve Green,Steve Green,17,46967,1676,84.07
Series 12,12,afgerond,Week 10,148,7,Alexander Masek,Alexander Masek,25,65782,2405,82.06
Series 12,12,afgerond,Week 10,148,8,Nicolas Thuillier,Nicolas Thuillier,25,67436,2467,82.01
Series 12,12,afgerond,Week 10,148,9,Reece Colley,Reece Colley,10,27020,993,81.63
Series 12,12,afgerond,Week 10,148,10,Jarred Cole,Jarred Cole,8,18244,674,81.2
Series 12,12,afgerond,Week 10,148,11,Joe Murnan,Joe Murnan,14,37334,1394,80.35
Series 12,12,afgerond,Week 10,148,12,Devon Petersen,Devon Petersen,25,64387,2446,78.97
Series 12,12,afgerond,Week 11,149,1,Charlie Manby,Charlie Manby,12,33214,1111,89.69
Series 12,12,afgerond,Week 11,149,2,Scott Campbell,Scott Campbell,29,79131,2824,84.06
Series 12,12,afgerond,Week 11,149,3,Peter Jacques,Peter Jacques,13,35756,1277,84.0
Series 12,12,afgerond,Week 11,149,4,John O'Shea,John O'Shea,25,71340,2558,83.67
Series 12,12,afgerond,Week 11,149,5,Steven Johnstone,Steven Johnstone,25,66199,2386,83.23
Series 12,12,afgerond,Week 11,149,6,Steve West,Steve West,8,20170,728,83.12
Series 12,12,afgerond,Week 11,149,7,David Wawrzewski,David Wawrzewski,10,27326,992,82.64
Series 12,12,afgerond,Week 11,149,8,Jamie Durrant,Jamie Durrant,8,22631,827,82.1
Series 12,12,afgerond,Week 11,149,9,Patrick Klingelhofer,Patrick Klingelhofer,17,50408,1848,81.83
Series 12,12,afgerond,Week 11,149,10,Justin Smith,Justin Smith,26,72755,2689,81.17
Series 12,12,afgerond,Week 11,149,11,David Airey,David Airey,25,65685,2474,79.65
Series 12,12,afgerond,Week 11,149,12,Jonathan Platt,Jonathan Platt,10,25492,995,76.86
Series 12,12,afgerond,Week 12,150,1,Adam Leek,Adam Leek,5,13632,445,91.9
Series 12,12,afgerond,Week 12,150,2,Mervyn King,Mervyn King,17,42879,1447,88.9
Series 12,12,afgerond,Week 12,150,3,Dean Finn,Dean Finn,12,32089,1095,87.92
Series 12,12,afgerond,Week 12,150,4,Archie Self,Archie Self,27,71655,2463,87.28
Series 12,12,afgerond,Week 12,150,5,Johan Geldenhuys,Johan Geldenhuys,23,64378,2220,87.0
Series 12,12,afgerond,Week 12,150,6,Jim Mayer,Jim Mayer,26,72910,2525,86.63
Series 12,12,afgerond,Week 12,150,7,Martyn Turner,Martyn Turner,13,33148,1178,84.42
Series 12,12,afgerond,Week 12,150,8,Tommy Lishman,Tommy Lishman,11,29532,1061,83.5
Series 12,12,afgerond,Week 12,150,9,James Welding,James Welding,10,26998,974,83.16
Series 12,12,afgerond,Week 12,150,10,Rowby-John Rodriguez,Rowby-John Rodriguez,18,47713,1734,82.55
Series 12,12,afgerond,Week 12,150,11,Gary Mawson,Gary Mawson,25,62606,2351,79.89
Series 12,12,afgerond,Week 12,150,12,Steven Plumstead,Steven Plumstead,8,18036,692,78.19
Series 12,12,afgerond,Week 12,150,13,Trina Gulliver,Trina Gulliver,9,20494,841,73.11
Series 12,12,afgerond,Week 13,151,1,Tom Sykes,Tom Sykes,27,71016,2269,93.9
Series 12,12,afgerond,Week 13,151,2,Derek Coulson,Derek Coulson,18,51828,1659,93.72
Series 12,12,afgerond,Week 13,151,3,Charlie Manby,Charlie Manby,29,80149,2620,91.77
Series 12,12,afgerond,Week 13,151,4,Jenson Walker,Jenson Walker,8,19699,656,90.09
Series 12,12,afgerond,Week 13,151,5,Jamie Owens,Jamie Owens,8,21985,744,88.65
Series 12,12,afgerond,Week 13,151,6,Neil Duff,Neil Duff,11,27381,932,88.14
Series 12,12,afgerond,Week 13,151,7,Keegan Brown,Keegan Brown,25,67243,2295,87.9
Series 12,12,afgerond,Week 13,151,8,Carl Wilkinson,Carl Wilkinson,10,31117,1079,86.52
Series 12,12,afgerond,Week 13,151,9,David Evans,David Evans,25,66247,2319,85.7
Series 12,12,afgerond,Week 13,151,10,David Pallett,David Pallett,12,33604,1193,84.5
Series 12,12,afgerond,Week 13,151,11,Alec Small,Alec Small,10,29104,1036,84.28
Series 12,12,afgerond,Week 13,151,12,Dean Finn,Dean Finn,25,64811,2310,84.17
Series 13,13,afgerond,Week 1,152,1,Danny Ayres,Danny Ayres,13,35267,1161,91.13
Series 13,13,afgerond,Week 1,152,2,Lee Cocks,Lee Cocks,11,28602,964,89.01
Series 13,13,afgerond,Week 1,152,3,Jim McEwan,Jim McEwan,8,18535,631,88.12
Series 13,13,afgerond,Week 1,152,4,Henry Coates,Henry Coates,27,66784,2284,87.72
Series 13,13,afgerond,Week 1,152,5,David Evans,David Evans,25,62346,2166,86.35
Series 13,13,afgerond,Week 1,152,6,George Killington,George Killington,17,44384,1547,86.07
Series 13,13,afgerond,Week 1,152,7,Timothy Verbrugghe,Timothy Verbrugghe,25,67264,2377,84.89
Series 13,13,afgerond,Week 1,152,8,Steve Green,Steve Green,14,36757,1328,83.04
Series 13,13,afgerond,Week 1,152,9,Billy Leonard,Billy Leonard,10,27450,996,82.68
Series 13,13,afgerond,Week 1,152,10,Adam Sevada,Adam Sevada,8,16504,601,82.38
Series 13,13,afgerond,Week 1,152,11,Conan Whitehead,Conan Whitehead,25,60700,2236,81.44
Series 13,13,afgerond,Week 1,152,12,Stijn Deklerck,Stijn Deklerck,25,67439,2521,80.25
Series 13,13,afgerond,Week 2,153,1,Tommy Morris,Tommy Morris,19,52295,1700,92.29
Series 13,13,afgerond,Week 2,153,2,Rob Grundy,Rob Grundy,26,71018,2396,88.92
Series 13,13,afgerond,Week 2,153,3,Carl Wilkinson,Carl Wilkinson,25,70278,2412,87.41
Series 13,13,afgerond,Week 2,153,4,Jose Justicia,Jose Justicia,23,65689,2261,87.16
Series 13,13,afgerond,Week 2,153,5,Richard McKee,Richard McKee,12,32386,1134,85.68
Series 13,13,afgerond,Week 2,153,6,Keanu Van Velzen,Keanu Van_Velzen,29,78775,2767,85.41
Series 13,13,afgerond,Week 2,153,7,Michael Huntley,Michael Huntley,10,26889,949,85.0
Series 13,13,afgerond,Week 2,153,8,Matt Clark,Matt Clark,25,66085,2344,84.58
Series 13,13,afgerond,Week 2,153,9,Mark Dudbridge,Mark Dudbridge,11,31433,1124,83.9
Series 13,13,afgerond,Week 2,153,10,Richie Burnett,Richie Burnett,8,21212,774,82.22
Series 13,13,afgerond,Week 2,153,11,David Wawrzewski,David Wawrzewski,10,27512,1011,81.64
Series 13,13,afgerond,Week 2,153,12,Joshua Burksfield,Joshua Burksfield,10,26038,981,79.63
Series 13,13,afgerond,Week 3,154,1,Patrik Williams,Patrik Williams,17,44052,1473,89.72
Series 13,13,afgerond,Week 3,154,2,Radek Szaganski,Radek Szaganski,27,76680,2573,89.41
Series 13,13,afgerond,Week 3,154,3,Carl Wilson,Carl Wilson,12,34567,1164,89.09
Series 13,13,afgerond,Week 3,154,4,Steve Lennon,Steve Lennon,23,61503,2149,85.86
Series 13,13,afgerond,Week 3,154,5,Paul Hogan,Paul Hogan,10,28296,998,85.06
Series 13,13,afgerond,Week 3,154,6,Scott Campbell,Scott Campbell,23,59226,2116,83.97
Series 13,13,afgerond,Week 3,154,7,Tommy Lishman,Tommy Lishman,8,20841,749,83.48
Series 13,13,afgerond,Week 3,154,8,Archie Self,Archie Self,26,67313,2442,82.69
Series 13,13,afgerond,Week 3,154,9,Lewis Gurney,Lewis Gurney,11,30395,1138,80.13
Series 13,13,afgerond,Week 3,154,10,Johnny Haines,Johnny Haines,8,19181,721,79.81
Series 13,13,afgerond,Week 3,154,11,Aaron Gill,Aaron Gill,8,19401,736,79.08
Series 13,13,afgerond,Week 3,154,12,Lars-Erik Lindgreen,Lars-Erik Lindgreen,23,54899,2107,78.17
Series 13,13,afgerond,Week 4,155,1,Derek Coulson,Derek Coulson,19,49488,1587,93.55
Series 13,13,afgerond,Week 4,155,2,Robbie Martin,Robbie Martin,27,70076,2322,90.54
Series 13,13,afgerond,Week 4,155,3,Willie Borland,Willie Borland,4,11083,372,89.38
Series 13,13,afgerond,Week 4,155,4,Colin Osborne,Colin Osborne,11,33603,1151,87.58
Series 13,13,afgerond,Week 4,155,5,Jamie Owens,Jamie Owens,26,67489,2328,86.97
Series 13,13,afgerond,Week 4,155,6,Danny Trueman,Danny Trueman,4,10266,356,86.51
Series 13,13,afgerond,Week 4,155,7,Jamie Hughes,Jamie Hughes,25,64559,2243,86.35
Series 13,13,afgerond,Week 4,155,8,Archie Self,Archie Self,2,6368,222,86.05
Series 13,13,afgerond,Week 4,155,9,Ashley Coleman,Ashley Coleman,12,32578,1149,85.06
Series 13,13,afgerond,Week 4,155,10,Tom Lonsdale,Tom Lonsdale,12,30815,1087,85.05
Series 13,13,afgerond,Week 4,155,11,Jelle Klaasen,Jelle Klaasen,4,10579,374,84.86
Series 13,13,afgerond,Week 4,155,12,Tommy Lishman,Tommy Lishman,2,4854,173,84.17
Series 13,13,afgerond,Week 4,155,13,Scott Campbell,Scott Campbell,2,5855,213,82.46
Series 13,13,afgerond,Week 4,155,14,Darren Webster,Darren Webster,8,20820,760,82.18
Series 13,13,afgerond,Week 4,155,15,Nico Plovier,Nico Plovier,25,61662,2265,81.67
Series 13,13,afgerond,Week 4,155,16,Richie Howson,Richie Howson,4,9676,358,81.08
Series 13,13,afgerond,Week 4,155,17,Martyn Turner,Martyn Turner,25,61155,2281,80.43
Series 13,13,afgerond,Week 4,155,18,Jim Widmayer,Jim Widmayer,8,20628,775,79.85
Series 13,13,afgerond,Week 4,155,19,Lewis Gurney,Lewis Gurney,2,5217,196,79.85
Series 13,13,afgerond,Week 4,155,20,George Killington,George Killington,4,9006,341,79.23
Series 13,13,afgerond,Week 4,155,21,Jonathan Platt,Jonathan Platt,10,24562,958,76.92
Series 13,13,afgerond,Week 4,155,22,Lars-Erik Lindgreen,Lars-Erik Lindgreen,2,5675,222,76.69
Series 13,13,afgerond,Week 4,155,23,Arne Spee,Arne Spee,4,8555,336,76.38
Series 13,13,afgerond,Week 4,155,24,Aaron Gill,Aaron Gill,2,5592,225,74.56
Series 13,13,afgerond,Week 5,156,1,Alex Williams,Alex Williams,14,33192,1111,89.63
Series 13,13,afgerond,Week 5,156,2,Graham Hall,Graham Hall,19,50489,1707,88.73
Series 13,13,afgerond,Week 5,156,3,Andy Baetens,Andy Baetens,23,59657,2044,87.56
Series 13,13,afgerond,Week 5,156,4,Harry Ward,Harry Ward,10,27762,968,86.04
Series 13,13,afgerond,Week 5,156,5,Mike Warburton,Mike Warburton,10,28907,1009,85.95
Series 13,13,afgerond,Week 5,156,6,Kevin Burness,Kevin Burness,8,21112,737,85.94
Series 13,13,afgerond,Week 5,156,7,Sam Spivey,Sam Spivey,10,28190,990,85.42
Series 13,13,afgerond,Week 5,156,8,Butch Devine,Butch Devine,26,69140,2475,83.81
Series 13,13,afgerond,Week 5,156,9,Justin Smith,Justin Smith,28,72410,2653,81.88
Series 13,13,afgerond,Week 5,156,10,Jyri Ussa,Jyri Ussa,25,65068,2433,80.23
Series 13,13,afgerond,Week 5,156,11,Phil Johnson-Hale,Phil Johnson-Hale,10,23903,894,80.21
Series 13,13,afgerond,Week 5,156,12,Robert Thornton,Robert Thornton,25,62137,2435,76.55
Series 13,13,afgerond,Week 6,157,1,Ron Meulenkamp,Ron Meulenkamp,18,48622,1600,91.17
Series 13,13,afgerond,Week 6,157,2,Matt Dennant,Matt Dennant,13,33204,1115,89.34
Series 13,13,afgerond,Week 6,157,3,Reece Robinson,Reece Robinson,12,29685,1027,86.71
Series 13,13,afgerond,Week 6,157,4,Simon Whitlock,Simon Whitlock,25,67110,2346,85.82
Series 13,13,afgerond,Week 6,157,5,Scott Taylor,Scott Taylor,12,31253,1108,84.62
Series 13,13,afgerond,Week 6,157,6,Joe Murnan,Joe Murnan,10,25291,897,84.59
Series 13,13,afgerond,Week 6,157,7,Alec Small,Alec Small,23,61356,2241,82.14
Series 13,13,afgerond,Week 6,157,8,Mason Whitlock,Mason Whitlock,8,19082,708,80.86
Series 13,13,afgerond,Week 6,157,9,Adam Winspear,Adam Winspear,10,27650,1029,80.61
Series 13,13,afgerond,Week 6,157,10,Andy Davidson,Andy Davidson,27,71251,2666,80.18
Series 13,13,afgerond,Week 6,157,11,Danny Lauby,Danny Lauby,25,64134,2473,77.8
Series 13,13,afgerond,Week 6,157,12,George Monios,George Monios,25,56302,2225,75.91
Series 13,13,afgerond,Week 7,158,1,Ciaran Forde,Ciaran Forde,12,34023,1135,89.93
Series 13,13,afgerond,Week 7,158,2,Dylan Slevin,Dylan Slevin,26,70138,2398,87.75
Series 13,13,afgerond,Week 7,158,3,Adam Mould,Adam Mould,18,44277,1527,86.99
Series 13,13,afgerond,Week 7,158,4,Andy Hamilton,Andy Hamilton,8,19875,686,86.92
Series 13,13,afgerond,Week 7,158,5,Neil Duff,Neil Duff,27,72557,2507,86.83
Series 13,13,afgerond,Week 7,158,6,Scott Mitchell,Scott Mitchell,25,69757,2456,85.21
Series 13,13,afgerond,Week 7,158,7,James Buckby,James Buckby,12,31080,1096,85.07
Series 13,13,afgerond,Week 7,158,8,Patrick Dekker,Patrick Dekker,27,67765,2444,83.18
Series 13,13,afgerond,Week 7,158,9,Colin McCaughern,Colin McCaughern,25,67896,2499,81.51
Series 13,13,afgerond,Week 7,158,10,Kevin Painter,Kevin Painter,10,25214,935,80.9
Series 13,13,afgerond,Week 7,158,11,Fallon Sherrock,Fallon Sherrock,8,18589,693,80.47
Series 13,13,afgerond,Week 7,158,12,Martin Thomas,Martin Thomas,10,27381,1032,79.6
Series 13,13,afgerond,Week 8,159,1,Jack Aldridge,Jack Aldridge,10,25922,828,93.92
Series 13,13,afgerond,Week 8,159,2,Nathan Potter,Nathan Potter,19,50373,1662,90.93
Series 13,13,afgerond,Week 8,159,3,Lee Evans,Lee Evans,26,66396,2234,89.16
Series 13,13,afgerond,Week 8,159,4,Graham Usher,Graham Usher,25,65641,2217,88.82
Series 13,13,afgerond,Week 8,159,5,Gary Stone,Gary Stone,8,18759,649,86.71
Series 13,13,afgerond,Week 8,159,6,Terry Nash,Terry Nash,13,36773,1277,86.39
Series 13,13,afgerond,Week 8,159,7,Conor Heneghan,Conor Heneghan,8,17890,626,85.73
Series 13,13,afgerond,Week 8,159,8,Jack Tweddell,Jack Tweddell,27,71703,2556,84.16
Series 13,13,afgerond,Week 8,159,9,Dustin Straver,Dustin Straver,24,59603,2143,83.44
Series 13,13,afgerond,Week 8,159,10,Dylan Dowling,Dylan Dowling,24,65212,2446,79.98
Series 13,13,afgerond,Week 8,159,11,Tom Cromwell,Tom Cromwell,6,17313,671,77.41
Series 13,13,afgerond,Week 8,159,12,Karl Coleman,Karl Coleman,10,23498,956,73.74
Series 13,13,afgerond,Week 9,160,1,Jack Drayton,Jack Drayton,19,54670,1820,90.12
Series 13,13,afgerond,Week 9,160,2,Joe Croft,Joe Croft,8,20566,695,88.77
Series 13,13,afgerond,Week 9,160,3,Jamie Lewis,Jamie Lewis,14,37670,1287,87.81
Series 13,13,afgerond,Week 9,160,4,Jenson Walker,Jenson Walker,26,71753,2463,87.4
Series 13,13,afgerond,Week 9,160,5,Adam Hunt,Adam Hunt,25,65503,2269,86.61
Series 13,13,afgerond,Week 9,160,6,Joe Hunt,Joe Hunt,28,70297,2450,86.08
Series 13,13,afgerond,Week 9,160,7,Kevin Cottiss,Kevin Cottiss,25,65762,2333,84.56
Series 13,13,afgerond,Week 9,160,8,Arne Spee,Arne Spee,25,62576,2251,83.4
Series 13,13,afgerond,Week 9,160,9,Jamie Durrant,Jamie Durrant,10,27294,983,83.3
Series 13,13,afgerond,Week 9,160,10,John O'Shea,John O'Shea,8,19702,712,83.01
Series 13,13,afgerond,Week 9,160,11,Jason Heaver,Jason Heaver,10,26441,966,82.11
Series 13,13,afgerond,Week 9,160,12,Dylan Grazier,Dylan Grazier,10,23086,872,79.42
Series 13,13,afgerond,Week 10,161,1,Chas Barstow,Chas Barstow,12,34223,1115,92.08
Series 13,13,afgerond,Week 10,161,2,Jonny Barnes,Jonny Barnes,8,22099,743,89.23
Series 13,13,afgerond,Week 10,161,3,Richie Howson,Richie Howson,27,72556,2531,86.0
Series 13,13,afgerond,Week 10,161,4,Jamie Atkins,Jamie Atkins,28,73530,2581,85.47
Series 13,13,afgerond,Week 10,161,5,Neil Wild,Neil Wild,25,65801,2378,83.01
Series 13,13,afgerond,Week 10,161,6,Devon Petersen,Devon Petersen,8,20964,766,82.1
Series 13,13,afgerond,Week 10,161,7,Brian Raman,Brian Raman,18,49449,1818,81.6
Series 13,13,afgerond,Week 10,161,8,Jesus Salate,Jesus Salate,25,71056,2621,81.33
Series 13,13,afgerond,Week 10,161,9,Graham Jenkins,Graham Jenkins,10,26161,996,78.8
Series 13,13,afgerond,Week 10,161,10,Zereso Zeverboom,Zereso Zeverboom,27,69315,2642,78.71
Series 13,13,afgerond,Week 10,161,11,Scott Winder,Scott Winder,10,25389,973,78.28
Series 13,13,afgerond,Week 10,161,12,Conor Paterson,Conor Paterson,10,26482,1076,73.83
Series 13,13,afgerond,Week 11,162,1,Scott Robertson,Scott Robertson,10,25854,842,92.12
Series 13,13,afgerond,Week 11,162,2,Keegan Brown,Keegan Brown,10,27394,893,92.03
Series 13,13,afgerond,Week 11,162,3,Simon Stevenson,Simon Stevenson,14,39183,1284,91.55
Series 13,13,afgerond,Week 11,162,4,Ben Robb,Ben Robb,19,50791,1675,90.97
Series 13,13,afgerond,Week 11,162,5,Jarred Cole,Jarred Cole,13,34362,1153,89.41
Series 13,13,afgerond,Week 11,162,6,Steve Beaton,Steve Beaton,8,20944,705,89.12
Series 13,13,afgerond,Week 11,162,7,Steve West,Steve West,26,72028,2436,88.7
Series 13,13,afgerond,Week 11,162,8,Willie Borland,Willie Borland,25,68379,2369,86.59
Series 13,13,afgerond,Week 11,162,9,Wesley Van Trijp,Wesley Van_Trijp,25,61610,2274,81.28
Series 13,13,afgerond,Week 11,162,10,Raymond Mulvey,Raymond Mulvey,25,63866,2358,81.25
Series 13,13,afgerond,Week 11,162,11,Danny van Trijp,Danny van_Trijp,25,59805,2243,79.99
Series 13,13,afgerond,Week 11,162,12,Gemma Hayter,Gemma Hayter,8,19143,719,79.87
Series 13,13,afgerond,Week 12,163,1,Ryan Branley,Ryan Branley,8,22544,757,89.34
Series 13,13,afgerond,Week 12,163,2,Jamai Van Den Herik,Jamai Van_Den_Herik,27,71438,2438,87.91
Series 13,13,afgerond,Week 12,163,3,Adrian Gray,Adrian Gray,14,39597,1365,87.03
Series 13,13,afgerond,Week 12,163,4,Alex Spellman,Alex Spellman,18,47271,1637,86.63
Series 13,13,afgerond,Week 12,163,5,Lewis Pride,Lewis Pride,8,20500,729,84.36
Series 13,13,afgerond,Week 12,163,6,Dmitrii Rogov,Dmitrii Rogov,25,69102,2518,82.33
Series 13,13,afgerond,Week 12,163,7,Jamie Kelling,Jamie Kelling,12,32864,1199,82.23
Series 13,13,afgerond,Week 12,163,8,Dean Finn,Dean Finn,11,27579,1012,81.76
Series 13,13,afgerond,Week 12,163,9,Reece Colley,Reece Colley,25,67182,2480,81.27
Series 13,13,afgerond,Week 12,163,10,Jasper Scarrott,Jasper Scarrott,25,60737,2303,79.12
Series 13,13,afgerond,Week 12,163,11,Timothy Jones,Timothy Jones,10,21990,895,73.71
Series 13,13,afgerond,Week 12,163,12,David Munyua,David Munyua,25,58897,2416,73.13
Series 13,13,afgerond,Week 13,164,1,Derek Coulson,Derek Coulson,17,44169,1398,94.78
Series 13,13,afgerond,Week 13,164,2,Simon Stevenson,Simon Stevenson,25,62537,2025,92.65
Series 13,13,afgerond,Week 13,164,3,Chas Barstow,Chas Barstow,25,65564,2153,91.36
Series 13,13,afgerond,Week 13,164,4,Neil Duff,Neil Duff,11,30684,1012,90.96
Series 13,13,afgerond,Week 13,164,5,Jack Drayton,Jack Drayton,27,68336,2271,90.27
Series 13,13,afgerond,Week 13,164,6,Steve Green,Steve Green,14,41104,1387,88.91
Series 13,13,afgerond,Week 13,164,7,Jamai Van Den Herik,Jamai Van_Den_Herik,8,20970,711,88.48
Series 13,13,afgerond,Week 13,164,8,Nathan Potter,Nathan Potter,25,66237,2247,88.43
Series 13,13,afgerond,Week 13,164,9,Graham Hall,Graham Hall,25,64142,2215,86.87
Series 13,13,afgerond,Week 13,164,10,Radek Szaganski,Radek Szaganski,13,34643,1199,86.68
Series 13,13,afgerond,Week 13,164,11,Scott Taylor,Scott Taylor,10,24888,871,85.72
Series 13,13,afgerond,Week 13,164,12,Keanu Van Velzen,Keanu Van_Velzen,8,17124,628,81.8
Series 14,14,afgerond,Week 1,165,1,Llew Bevan,Llew Bevan,13,36916,1253,88.39
Series 14,14,afgerond,Week 1,165,2,Danny Baggish,Danny Baggish,15,40493,1378,88.16
Series 14,14,afgerond,Week 1,165,3,Justin Smith,Justin Smith,8,23955,824,87.21
Series 14,14,afgerond,Week 1,165,4,Jeff Smith,Jeff Smith,25,65185,2265,86.34
Series 14,14,afgerond,Week 1,165,5,Dawson Murschell,Dawson Murschell,23,61490,2153,85.68
Series 14,14,afgerond,Week 1,165,6,Michael Huntley,Michael Huntley,13,36000,1275,84.71
Series 14,14,afgerond,Week 1,165,7,Mark Dudbridge,Mark Dudbridge,11,31937,1147,83.53
Series 14,14,afgerond,Week 1,165,8,Conan Whitehead,Conan Whitehead,26,75045,2725,82.62
Series 14,14,afgerond,Week 1,165,9,Martyn Turner,Martyn Turner,10,27774,1025,81.29
Series 14,14,afgerond,Week 1,165,10,Jack Smith,Jack Smith,25,63464,2349,81.05
Series 14,14,afgerond,Week 1,165,11,Neven Resetar,Neven Resetar,25,59118,2205,80.43
Series 14,14,afgerond,Week 1,165,12,Dylan Grazier,Dylan Grazier,10,23833,955,74.87
Series 14,14,afgerond,Week 2,166,1,Simon Stevenson,Simon Stevenson,8,22757,747,91.39
Series 14,14,afgerond,Week 2,166,2,Steve West,Steve West,19,50584,1708,88.85
Series 14,14,afgerond,Week 2,166,3,Paul Hogan,Paul Hogan,10,28964,983,88.39
Series 14,14,afgerond,Week 2,166,4,Kevin Edwards,Kevin Edwards,12,28948,986,88.08
Series 14,14,afgerond,Week 2,166,5,Neil Duff,Neil Duff,27,67101,2287,88.02
Series 14,14,afgerond,Week 2,166,6,Reece Colley,Reece Colley,13,34847,1197,87.34
Series 14,14,afgerond,Week 2,166,7,Johnny Haines,Johnny Haines,25,65525,2267,86.71
Series 14,14,afgerond,Week 2,166,8,Benito van de Pas,Benito van_de_Pas,26,71466,2497,85.86
Series 14,14,afgerond,Week 2,166,9,Carl Wilkinson,Carl Wilkinson,8,20271,728,83.53
Series 14,14,afgerond,Week 2,166,10,Billy Leonard,Billy Leonard,10,24146,878,82.5
Series 14,14,afgerond,Week 2,166,11,Glenn de Bois,Glenn de_Bois,25,64145,2350,81.89
Series 14,14,afgerond,Week 2,166,12,Joe Heywood,Joe Heywood,25,62045,2307,80.68
Series 14,14,afgerond,Week 3,167,1,Henry Coates,Henry Coates,19,48268,1586,91.3
Series 14,14,afgerond,Week 3,167,2,Aden Kirk,Aden Kirk,28,76039,2577,88.52
Series 14,14,afgerond,Week 3,167,3,Graham Usher,Graham Usher,25,65632,2271,86.7
Series 14,14,afgerond,Week 3,167,4,Asa Cansdale,Asa Cansdale,10,27962,980,85.6
Series 14,14,afgerond,Week 3,167,5,Simon Whitlock,Simon Whitlock,10,26655,937,85.34
Series 14,14,afgerond,Week 3,167,6,Pete Hughes,Pete Hughes,26,72251,2552,84.93
Series 14,14,afgerond,Week 3,167,7,Colin Osborne,Colin Osborne,8,20643,745,83.13
Series 14,14,afgerond,Week 3,167,8,Lewis Gurney,Lewis Gurney,8,20877,759,82.52
Series 14,14,afgerond,Week 3,167,9,Richard McKee,Richard McKee,14,37453,1365,82.31
Series 14,14,afgerond,Week 3,167,10,Bradley van der Velden,Bradley van_der_Velden,25,63922,2409,79.6
Series 14,14,afgerond,Week 3,167,11,Adam Smith-Neale,Adam Smith-Neale,10,27565,1041,79.44
Series 14,14,afgerond,Week 3,167,12,Giovanni Matthee,Giovanni Matthee,25,59284,2347,75.78
Series 14,14,afgerond,Week 4,168,1,Archie Self,Archie Self,12,31890,1039,92.08
Series 14,14,afgerond,Week 4,168,2,Lloyd Walker,Lloyd Walker,10,27928,925,90.58
Series 14,14,afgerond,Week 4,168,3,James Buckby,James Buckby,12,32749,1110,88.51
Series 14,14,afgerond,Week 4,168,4,Josh McCarthy,Josh McCarthy,12,32170,1092,88.38
Series 14,14,afgerond,Week 4,168,5,Peter Jacques,Peter Jacques,10,27093,931,87.3
Series 14,14,afgerond,Week 4,168,6,Kurt Parry,Kurt Parry,11,29758,1024,87.18
Series 14,14,afgerond,Week 4,168,7,Danny Trueman,Danny Trueman,21,56394,1971,85.84
Series 14,14,afgerond,Week 4,168,8,Willie Borland,Willie Borland,19,51493,1805,85.58
Series 14,14,afgerond,Week 4,168,9,Richie Howson,Richie Howson,19,45368,1608,84.64
Series 14,14,afgerond,Week 4,168,10,Jelle Klaasen,Jelle Klaasen,13,33399,1209,82.88
Series 14,14,afgerond,Week 4,168,11,George Killington,George Killington,24,64128,2360,81.52
Series 14,14,afgerond,Week 4,168,12,Arne Spee,Arne Spee,21,50304,1890,79.85
Series 14,14,afgerond,Week 5,169,1,Tommy Morris,Tommy Morris,19,48041,1518,94.94
Series 14,14,afgerond,Week 5,169,2,Scott Campbell,Scott Campbell,11,31564,1051,90.1
Series 14,14,afgerond,Week 5,169,3,Ashley Coleman,Ashley Coleman,14,38494,1301,88.76
Series 14,14,afgerond,Week 5,169,4,George Cressey,George Cressey,23,60322,2045,88.49
Series 14,14,afgerond,Week 5,169,5,Lee Cocks,Lee Cocks,10,27924,950,88.18
Series 14,14,afgerond,Week 5,169,6,Jamie Kelling,Jamie Kelling,8,20871,729,85.89
Series 14,14,afgerond,Week 5,169,7,John Henderson,John Henderson,25,64963,2272,85.78
Series 14,14,afgerond,Week 5,169,8,Twan Uriot,Twan Uriot,25,66268,2392,83.11
Series 14,14,afgerond,Week 5,169,9,Ciaran Forde,Ciaran Forde,13,34459,1252,82.57
Series 14,14,afgerond,Week 5,169,10,Steve Green,Steve Green,25,67420,2459,82.25
Series 14,14,afgerond,Week 5,169,11,Danny Lauby,Danny Lauby,25,64422,2381,81.17
Series 14,14,afgerond,Week 5,169,12,Adam Mould,Adam Mould,10,27879,1046,79.96
Series 14,14,afgerond,Week 6,170,1,David Evans,David Evans,12,31053,1003,92.88
Series 14,14,afgerond,Week 6,170,2,Jamie Owens,Jamie Owens,11,27705,918,90.54
Series 14,14,afgerond,Week 6,170,3,Rob Grundy,Rob Grundy,19,50114,1681,89.44
Series 14,14,afgerond,Week 6,170,4,Jake Neale,Jake Neale,12,32820,1115,88.3
Series 14,14,afgerond,Week 6,170,5,Tommy Lishman,Tommy Lishman,11,29013,997,87.3
Series 14,14,afgerond,Week 6,170,6,Keegan Brown,Keegan Brown,23,59820,2074,86.53
Series 14,14,afgerond,Week 6,170,7,Brian Raman,Brian Raman,27,74738,2606,86.04
Series 14,14,afgerond,Week 6,170,8,Tomoya Goto,Tomoya Goto,23,58781,2083,84.66
Series 14,14,afgerond,Week 6,170,9,Callum Goffin,Callum Goffin,25,63874,2280,84.04
Series 14,14,afgerond,Week 6,170,10,Tom Lonsdale,Tom Lonsdale,10,28417,1017,83.83
Series 14,14,afgerond,Week 6,170,11,Aaron Turner,Aaron Turner,10,26603,981,81.35
Series 14,14,afgerond,Week 6,170,12,Jose Justicia,Jose Justicia,25,65024,2426,80.41
Series 14,14,afgerond,Week 7,171,1,Derek Coulson,Derek Coulson,19,46234,1432,96.86
Series 14,14,afgerond,Week 7,171,2,Danny Ayres,Danny Ayres,10,29743,966,92.37
Series 14,14,afgerond,Week 7,171,3,James Beeton,James Beeton,8,20838,695,89.95
Series 14,14,afgerond,Week 7,171,4,Oliver Mitchell,Oliver Mitchell,14,35694,1195,89.61
Series 14,14,afgerond,Week 7,171,5,Radek Szaganski,Radek Szaganski,26,69053,2334,88.76
Series 14,14,afgerond,Week 7,171,6,Matthew Dennant,Matthew Dennant,8,21872,740,88.67
Series 14,14,afgerond,Week 7,171,7,Jenson Walker,Jenson Walker,25,63847,2163,88.55
Series 14,14,afgerond,Week 7,171,8,Harry Ward,Harry Ward,13,34710,1186,87.8
Series 14,14,afgerond,Week 7,171,9,Steve Johnstone,Steve Johnstone,10,26596,940,84.88
Series 14,14,afgerond,Week 7,171,10,Ricardo Ham,Ricardo Ham,25,65185,2368,82.58
Series 14,14,afgerond,Week 7,171,11,Colin McCaughern,Colin McCaughern,25,66652,2473,80.86
Series 14,14,afgerond,Week 7,171,12,Keanu van Velzen,Keanu van Velzen,25,59305,2267,78.48
Series 14,14,afgerond,Week 8,172,1,Joe Hunt,Joe Hunt,8,21442,717,89.72
Series 14,14,afgerond,Week 8,172,2,Joe Croft,Joe Croft,25,67824,2317,87.82
Series 14,14,afgerond,Week 8,172,3,Sam Spivey,Sam Spivey,12,32056,1105,87.03
Series 14,14,afgerond,Week 8,172,4,Graham Hall,Graham Hall,26,72218,2491,86.97
Series 14,14,afgerond,Week 8,172,5,Oliver King,Oliver King,12,34360,1193,86.4
Series 14,14,afgerond,Week 8,172,6,Ryan Branley,Ryan Branley,18,46825,1631,86.13
Series 14,14,afgerond,Week 8,172,7,Dylan Slevin,Dylan Slevin,25,66748,2352,85.14
Series 14,14,afgerond,Week 8,172,8,Alec Small,Alec Small,14,40318,1426,84.82
Series 14,14,afgerond,Week 8,172,9,Nico Plovier,Nico Plovier,25,63379,2332,81.53
Series 14,14,afgerond,Week 8,172,10,Bradley O Connor,Bradley O Connor,25,62143,2321,80.32
Series 14,14,afgerond,Week 8,172,11,Dean Finn,Dean Finn,8,18534,699,79.55
Series 14,14,afgerond,Week 8,172,12,Dylan Sinclair,Dylan Sinclair,10,25483,1007,75.92
Series 14,14,afgerond,Week 9,173,1,Jack Tweddell,Jack Tweddell,19,49483,1554,95.53
Series 14,14,afgerond,Week 9,173,2,Boris Krcmar,Boris Krcmar,29,74650,2392,93.62
Series 14,14,afgerond,Week 9,173,3,Robbie Martin,Robbie Martin,26,67843,2246,90.62
Series 14,14,afgerond,Week 9,173,4,Jack Drayton,Jack Drayton,27,71535,2421,88.64
Series 14,14,afgerond,Week 9,173,5,Reece Robinson,Reece Robinson,23,62320,2117,88.31
Series 14,14,afgerond,Week 9,173,6,Conor Heneghan,Conor Heneghan,11,30435,1064,85.81
Series 14,14,afgerond,Week 9,173,7,Ashton Brown,Ashton Brown,10,25281,890,85.22
Series 14,14,afgerond,Week 9,173,8,Adrian Devine,Adrian Devine,10,25522,910,84.14
Series 14,14,afgerond,Week 9,173,9,Scott Mitchell,Scott Mitchell,10,27934,1006,83.3
Series 14,14,afgerond,Week 9,173,10,Fallon Sherrock,Fallon Sherrock,8,19652,761,77.47
Series 14,14,afgerond,Week 9,173,11,Sebastian Caris,Sebastian Caris,25,51294,2047,75.17
Series 14,14,afgerond,Week 9,173,12,Joe Murnan,Joe Murnan,10,23038,952,72.6
Series 14,14,afgerond,Week 10,174,1,Jack Aldridge,Jack Aldridge,19,50109,1646,91.33
Series 14,14,afgerond,Week 10,174,2,Chas Barstow,Chas Barstow,8,22886,759,90.46
Series 14,14,afgerond,Week 10,174,3,Jim McEwan,Jim McEwan,11,29301,994,88.43
Series 14,14,afgerond,Week 10,174,4,Jamie Lewis,Jamie Lewis,11,28952,986,88.09
Series 14,14,afgerond,Week 10,174,5,Carl Batchelor,Carl Batchelor,23,61330,2102,87.53
Series 14,14,afgerond,Week 10,174,6,Kaya Baysal,Kaya Baysal,14,36232,1246,87.24
Series 14,14,afgerond,Week 10,174,7,Jamai van den Herik,Jamai van den Herik,25,67600,2361,85.9
Series 14,14,afgerond,Week 10,174,8,Nathan Potter,Nathan Potter,25,67056,2358,85.31
Series 14,14,afgerond,Week 10,174,9,Michael Warburton,Michael Warburton,25,64503,2308,83.84
Series 14,14,afgerond,Week 10,174,10,Mason Whitlock,Mason Whitlock,10,25974,934,83.43
Series 14,14,afgerond,Week 10,174,11,Lee (WAL) Evans,Lee (WAL) Evans,12,32482,1180,82.58
Series 14,14,afgerond,Week 10,174,12,Robert Thornton,Robert Thornton,25,61329,2291,80.31
Series 14,14,afgerond,Week 11,175,1,Carl Wilson,Carl Wilson,23,62066,2151,86.56
Series 14,14,afgerond,Week 11,175,2,Scott Taylor,Scott Taylor,27,69507,2419,86.2
Series 14,14,afgerond,Week 11,175,3,Lewis Pride,Lewis Pride,18,48423,1702,85.35
Series 14,14,afgerond,Week 11,175,4,Lee (ENG) Evans,Lee (ENG) Evans,10,27852,980,85.26
Series 14,14,afgerond,Week 11,175,5,Ron Meulenkamp,Ron Meulenkamp,12,30769,1084,85.15
Series 14,14,afgerond,Week 11,175,6,Richie Burnett,Richie Burnett,8,20205,743,81.58
Series 14,14,afgerond,Week 11,175,7,Meinte Hibma,Meinte Hibma,25,69295,2605,79.8
Series 14,14,afgerond,Week 11,175,8,Kevin Painter,Kevin Painter,10,25495,984,77.73
Series 14,14,afgerond,Week 11,175,9,Devon Petersen,Devon Petersen,27,71516,2772,77.4
Series 14,14,afgerond,Week 11,175,10,Adrian Gray,Adrian Gray,25,69442,2694,77.33
Series 14,14,afgerond,Week 11,175,11,John O´Shea,John O´Shea,10,26621,1041,76.72
Series 14,14,afgerond,Week 11,175,12,James Marcroft,James Marcroft,13,34937,1393,75.24
Series 14,14,afgerond,Week 12,176,1,Alex Williams,Alex Williams,27,69802,2333,89.76
Series 14,14,afgerond,Week 12,176,2,Scott Robertson,Scott Robertson,12,32222,1109,87.17
Series 14,14,afgerond,Week 12,176,3,Kevin Burness,Kevin Burness,12,30999,1078,86.27
Series 14,14,afgerond,Week 12,176,4,Ted Evetts,Ted Evetts,28,73448,2555,86.24
Series 14,14,afgerond,Week 12,176,5,Christopher Wickenden,Christopher Wickenden,10,26178,915,85.83
Series 14,14,afgerond,Week 12,176,6,Andy Hamilton,Andy Hamilton,18,45178,1594,85.03
Series 14,14,afgerond,Week 12,176,7,Jarred Cole,Jarred Cole,10,26742,965,83.14
Series 14,14,afgerond,Week 12,176,8,Mitch Minnie,Mitch Minnie,25,68833,2485,83.1
Series 14,14,afgerond,Week 12,176,9,Shaun Fox,Shaun Fox,23,59843,2181,82.31
Series 14,14,afgerond,Week 12,176,10,Terry Nash,Terry Nash,8,19134,708,81.08
Series 14,14,afgerond,Week 12,176,11,Shane Ryan,Shane Ryan,10,26916,1004,80.43
Series 14,14,afgerond,Week 12,176,12,Stijn Deklerck,Stijn Deklerck,25,58617,2241,78.47
Series 14,14,afgerond,Week 13,177,1,Henry Coates,Henry Coates,26,69511,2187,95.35
Series 14,14,afgerond,Week 13,177,2,Scott Robertson,Scott Robertson,11,29338,924,95.25
Series 14,14,afgerond,Week 13,177,3,Derek Coulson,Derek Coulson,27,73189,2391,91.83
Series 14,14,afgerond,Week 13,177,4,Archie Self,Archie Self,27,72636,2374,91.79
Series 14,14,afgerond,Week 13,177,5,Jack Aldridge,Jack Aldridge,27,71639,2377,90.42
Series 14,14,afgerond,Week 13,177,6,Ashley Coleman,Ashley Coleman,19,55137,1847,89.56
Series 14,14,afgerond,Week 13,177,7,Michael Huntley,Michael Huntley,10,27846,933,89.54
Series 14,14,afgerond,Week 13,177,8,Neil Duff,Neil Duff,8,17153,576,89.34
Series 14,14,afgerond,Week 13,177,9,Jack Tweddell,Jack Tweddell,10,28075,943,89.32
Series 14,14,afgerond,Week 13,177,10,Scott Taylor,Scott Taylor,8,21466,733,87.86
Series 14,14,afgerond,Week 13,177,11,David Evans,David Evans,25,61833,2118,87.58
Series 14,14,afgerond,Week 13,177,12,Alec Small,Alec Small,10,27131,947,85.95
Series 15,26,lopend (tussenstand),Week 1,191,1,Darren Beveridge,Darren Beveridge,19,53036,1672,95.16
Series 15,26,lopend (tussenstand),Week 1,191,2,James Buckby,James Buckby,12,31632,1053,90.12
Series 15,26,lopend (tussenstand),Week 1,191,3,Patrik Williams,Patrik Williams,25,69082,2420,85.64
Series 15,26,lopend (tussenstand),Week 1,191,4,Matt Clark,Matt Clark,11,30110,1060,85.22
Series 15,26,lopend (tussenstand),Week 1,191,5,Richie Parkin,Richie Parkin,13,36328,1289,84.55
Series 15,26,lopend (tussenstand),Week 1,191,6,Jonny Barnes,Jonny Barnes,25,67071,2385,84.37
Series 15,26,lopend (tussenstand),Week 1,191,7,Kevin Cottiss,Kevin Cottiss,12,31341,1130,83.21
Series 15,26,lopend (tussenstand),Week 1,191,8,Dean Gallagher,Dean Gallagher,23,63031,2297,82.32
Series 15,26,lopend (tussenstand),Week 1,191,9,Joe Croft,Joe Croft,25,68067,2532,80.65
Series 15,26,lopend (tussenstand),Week 1,191,10,Neven Resetar,Neven Resetar,25,62408,2335,80.18
Series 15,26,lopend (tussenstand),Week 1,191,11,Mark Dudbridge,Mark Dudbridge,8,21829,820,79.86
Series 15,26,lopend (tussenstand),Week 1,191,12,Mason Whitlock,Mason Whitlock,10,25000,952,78.78
Series 15,26,lopend (tussenstand),Week 2,192,1,Jack Drayton,Jack Drayton,18,46406,1541,90.34
Series 15,26,lopend (tussenstand),Week 2,192,2,Berry Van Peer,Berry Van Peer,25,67252,2239,90.11
Series 15,26,lopend (tussenstand),Week 2,192,3,Connor Hopkins,Connor Hopkins,10,25840,865,89.62
Series 15,26,lopend (tussenstand),Week 2,192,4,Reece Colley,Reece Colley,11,29350,992,88.76
Series 15,26,lopend (tussenstand),Week 2,192,5,George Cressey,George Cressey,23,59452,2011,88.69
Series 15,26,lopend (tussenstand),Week 2,192,6,Michael Huntley,Michael Huntley,25,67541,2338,86.67
Series 15,26,lopend (tussenstand),Week 2,192,7,Scott Campbell,Scott Campbell,12,32957,1142,86.58
Series 15,26,lopend (tussenstand),Week 2,192,8,Lee (ENG) Evans,Lee (ENG) Evans,14,37240,1296,86.2
Series 15,26,lopend (tussenstand),Week 2,192,9,Zvonimir Lesic,Zvonimir Lesic,18,46501,1619,86.17
Series 15,26,lopend (tussenstand),Week 2,192,10,Ryan Branley,Ryan Branley,25,64048,2330,82.47
Series 15,26,lopend (tussenstand),Week 2,192,11,Neil Wild,Neil Wild,10,22910,858,80.1
Series 15,26,lopend (tussenstand),Week 2,192,12,Lesic Zvonimir,Lesic Zvonimir,9,23422,882,79.67
Series 15,26,lopend (tussenstand),Week 2,192,13,Devon Petersen,Devon Petersen,8,17390,690,75.61
Series 15,26,lopend (tussenstand),Week 3,193,1,Paul Krohne,Paul Krohne,15,39579,1269,93.57
Series 15,26,lopend (tussenstand),Week 3,193,2,Andy Baetens,Andy Baetens,15,37985,1226,92.95
Series 15,26,lopend (tussenstand),Week 3,193,3,Jose de Sousa,Jose de Sousa,15,39486,1288,91.97
Series 15,26,lopend (tussenstand),Week 3,193,4,Dylan Slevin,Dylan Slevin,15,39719,1370,86.98
Series 15,26,lopend (tussenstand),Week 3,193,5,Killian Heffernan,Killian Heffernan,15,41364,1526,81.32
Series 15,26,lopend (tussenstand),Week 3,193,6,Arne Spee,Arne Spee,15,34780,1307,79.83
Double Trouble,15,los evenement,Week 1,189,1,Steve Lennon,Steve Lennon,8,15779,525,90.17
Double Trouble,15,los evenement,Week 1,189,2,Simon Whitlock,Simon Whitlock,10,20662,697,88.93
Double Trouble,15,los evenement,Week 1,189,3,Neil Duff,Neil Duff,27,53687,1833,87.87
Double Trouble,15,los evenement,Week 1,189,4,Keegan Brown,Keegan Brown,14,29406,1032,85.48
Double Trouble,15,los evenement,Week 1,189,5,Scott Mitchell,Scott Mitchell,17,32569,1146,85.26
Double Trouble,15,los evenement,Week 1,189,6,Steve West,Steve West,28,53520,1889,85.0
Double Trouble,15,los evenement,Week 1,189,7,Fallon Sherrock,Fallon Sherrock,11,24004,854,84.32
Double Trouble,15,los evenement,Week 1,189,8,Scott Campbell,Scott Campbell,10,18243,654,83.68
Double Trouble,15,los evenement,Week 1,189,9,Richie Burnett,Richie Burnett,25,43827,1612,81.56
Double Trouble,15,los evenement,Week 1,189,10,Robert Thornton,Robert Thornton,25,45830,1687,81.5
Double Trouble,15,los evenement,Week 1,189,11,Richie Howson,Richie Howson,10,17379,641,81.34
Double Trouble,15,los evenement,Week 1,189,12,Andreas Harrysson,Andreas Harrysson,23,36810,1383,79.85
